// @generated by native-prototype/scripts/generate-themes.mjs
// DO NOT EDIT MANUALLY — regenerate from src/themes.ts

use super::TerminalTheme;

pub static TERMINAL_THEMES: &[TerminalTheme] = &[
    TerminalTheme {
        name: "暗色默认",
        background: [0x0d, 0x11, 0x17],
        foreground: [0xe6, 0xed, 0xf3],
        cursor: [0x00, 0xd4, 0xff],
        selection: [0x26, 0x4f, 0x78],
        ansi: [[0xff, 0xff, 0xff], [0xff, 0x7b, 0x72], [0x2e, 0x6b, 0x30], [0xd2, 0x99, 0x22], [0x58, 0xa6, 0xff], [0xbc, 0x8c, 0xff], [0x39, 0xd3, 0x53], [0xb1, 0xba, 0xc4], [0x6e, 0x76, 0x81], [0xff, 0xa1, 0x98], [0x7e, 0xc8, 0x50], [0xe3, 0xb3, 0x41], [0x79, 0xc0, 0xff], [0xd2, 0xa8, 0xff], [0x56, 0xd3, 0x64], [0xf0, 0xf6, 0xfc]],
    },
    TerminalTheme {
        name: "3024 Day",
        background: [0xf7, 0xf7, 0xf7],
        foreground: [0x4a, 0x45, 0x43],
        cursor: [0x4a, 0x45, 0x43],
        selection: [0x26, 0x4f, 0x78],
        ansi: [[0x09, 0x03, 0x00], [0xdb, 0x2d, 0x20], [0x01, 0xa2, 0x52], [0xfd, 0xed, 0x02], [0x01, 0xa0, 0xe4], [0xa1, 0x6a, 0x94], [0xb5, 0xe4, 0xf4], [0xa5, 0xa2, 0xa2], [0x5c, 0x58, 0x55], [0xe8, 0xbb, 0xd0], [0x3a, 0x34, 0x32], [0x4a, 0x45, 0x43], [0x80, 0x7d, 0x7c], [0xd6, 0xd5, 0xd4], [0xcd, 0xab, 0x53], [0xf7, 0xf7, 0xf7]],
    },
    TerminalTheme {
        name: "3024 Night",
        background: [0x09, 0x03, 0x00],
        foreground: [0xa5, 0xa2, 0xa2],
        cursor: [0xa5, 0xa2, 0xa2],
        selection: [0x26, 0x4f, 0x78],
        ansi: [[0x09, 0x03, 0x00], [0xdb, 0x2d, 0x20], [0x01, 0xa2, 0x52], [0xfd, 0xed, 0x02], [0x01, 0xa0, 0xe4], [0xa1, 0x6a, 0x94], [0xb5, 0xe4, 0xf4], [0xa5, 0xa2, 0xa2], [0x5c, 0x58, 0x55], [0xe8, 0xbb, 0xd0], [0x3a, 0x34, 0x32], [0x4a, 0x45, 0x43], [0x80, 0x7d, 0x7c], [0xd6, 0xd5, 0xd4], [0xcd, 0xab, 0x53], [0xf7, 0xf7, 0xf7]],
    },
    TerminalTheme {
        name: "AdventureTime",
        background: [0x1f, 0x1d, 0x45],
        foreground: [0xf8, 0xdc, 0xc0],
        cursor: [0xef, 0xbf, 0x38],
        selection: [0x26, 0x4f, 0x78],
        ansi: [[0x05, 0x04, 0x04], [0xbd, 0x00, 0x13], [0x4a, 0xb1, 0x18], [0xe7, 0x74, 0x1e], [0x0f, 0x4a, 0xc6], [0x66, 0x59, 0x93], [0x70, 0xa5, 0x98], [0xf8, 0xdc, 0xc0], [0x4e, 0x7c, 0xbf], [0xfc, 0x5f, 0x5a], [0x9e, 0xff, 0x6e], [0xef, 0xc1, 0x1a], [0x19, 0x97, 0xc6], [0x9b, 0x59, 0x53], [0xc8, 0xfa, 0xf4], [0xf6, 0xf5, 0xfb]],
    },
    TerminalTheme {
        name: "Afterglow",
        background: [0x21, 0x21, 0x21],
        foreground: [0xd0, 0xd0, 0xd0],
        cursor: [0xd0, 0xd0, 0xd0],
        selection: [0x26, 0x4f, 0x78],
        ansi: [[0x15, 0x15, 0x15], [0xac, 0x41, 0x42], [0x7e, 0x8e, 0x50], [0xe5, 0xb5, 0x67], [0x6c, 0x99, 0xbb], [0x9f, 0x4e, 0x85], [0x7d, 0xd6, 0xcf], [0xd0, 0xd0, 0xd0], [0x50, 0x50, 0x50], [0xac, 0x41, 0x42], [0x7e, 0x8e, 0x50], [0xe5, 0xb5, 0x67], [0x6c, 0x99, 0xbb], [0x9f, 0x4e, 0x85], [0x7d, 0xd6, 0xcf], [0xf5, 0xf5, 0xf5]],
    },
    TerminalTheme {
        name: "AlienBlood",
        background: [0x0f, 0x16, 0x10],
        foreground: [0x63, 0x7d, 0x75],
        cursor: [0x73, 0xfa, 0x91],
        selection: [0x26, 0x4f, 0x78],
        ansi: [[0x11, 0x26, 0x16], [0x7f, 0x2b, 0x27], [0x2f, 0x7e, 0x25], [0x71, 0x7f, 0x24], [0x2f, 0x6a, 0x7f], [0x47, 0x58, 0x7f], [0x32, 0x7f, 0x77], [0x64, 0x7d, 0x75], [0x3c, 0x48, 0x12], [0xe0, 0x80, 0x09], [0x18, 0xe0, 0x00], [0xbd, 0xe0, 0x00], [0x00, 0xaa, 0xe0], [0x00, 0x58, 0xe0], [0x00, 0xe0, 0xc4], [0x73, 0xfa, 0x91]],
    },
    TerminalTheme {
        name: "Argonaut",
        background: [0x0e, 0x10, 0x19],
        foreground: [0xff, 0xfa, 0xf4],
        cursor: [0xff, 0x00, 0x18],
        selection: [0x26, 0x4f, 0x78],
        ansi: [[0x23, 0x23, 0x23], [0xff, 0x00, 0x0f], [0x8c, 0xe1, 0x0b], [0xff, 0xb9, 0x00], [0x00, 0x8d, 0xf8], [0x6d, 0x43, 0xa6], [0x00, 0xd8, 0xeb], [0xff, 0xff, 0xff], [0x44, 0x44, 0x44], [0xff, 0x27, 0x40], [0xab, 0xe1, 0x5b], [0xff, 0xd2, 0x42], [0x00, 0x92, 0xff], [0x9a, 0x5f, 0xeb], [0x67, 0xff, 0xf0], [0xff, 0xff, 0xff]],
    },
    TerminalTheme {
        name: "Arthur",
        background: [0x1c, 0x1c, 0x1c],
        foreground: [0xdd, 0xee, 0xdd],
        cursor: [0xe2, 0xbb, 0xef],
        selection: [0x26, 0x4f, 0x78],
        ansi: [[0x3d, 0x35, 0x2a], [0xcd, 0x5c, 0x5c], [0x86, 0xaf, 0x80], [0xe8, 0xae, 0x5b], [0x64, 0x95, 0xed], [0xde, 0xb8, 0x87], [0xb0, 0xc4, 0xde], [0xbb, 0xaa, 0x99], [0x55, 0x44, 0x44], [0xcc, 0x55, 0x33], [0x88, 0xaa, 0x22], [0xff, 0xa7, 0x5d], [0x87, 0xce, 0xeb], [0x99, 0x66, 0x00], [0xb0, 0xc4, 0xde], [0xdd, 0xcc, 0xbb]],
    },
    TerminalTheme {
        name: "AtelierSulphurpool",
        background: [0x20, 0x27, 0x46],
        foreground: [0x97, 0x9d, 0xb4],
        cursor: [0x97, 0x9d, 0xb4],
        selection: [0x26, 0x4f, 0x78],
        ansi: [[0x20, 0x27, 0x46], [0xc9, 0x49, 0x22], [0xac, 0x97, 0x39], [0xc0, 0x8b, 0x30], [0x3d, 0x8f, 0xd1], [0x66, 0x79, 0xcc], [0x22, 0xa2, 0xc9], [0x97, 0x9d, 0xb4], [0x6b, 0x73, 0x94], [0xc7, 0x6b, 0x29], [0x29, 0x32, 0x56], [0x5e, 0x66, 0x87], [0x89, 0x8e, 0xa4], [0xdf, 0xe2, 0xf1], [0x9c, 0x63, 0x7a], [0xf5, 0xf7, 0xff]],
    },
    TerminalTheme {
        name: "Atom",
        background: [0x16, 0x17, 0x19],
        foreground: [0xc5, 0xc8, 0xc6],
        cursor: [0xd0, 0xd0, 0xd0],
        selection: [0x26, 0x4f, 0x78],
        ansi: [[0x00, 0x00, 0x00], [0xfd, 0x5f, 0xf1], [0x87, 0xc3, 0x8a], [0xff, 0xd7, 0xb1], [0x85, 0xbe, 0xfd], [0xb9, 0xb6, 0xfc], [0x85, 0xbe, 0xfd], [0xe0, 0xe0, 0xe0], [0x00, 0x00, 0x00], [0xfd, 0x5f, 0xf1], [0x94, 0xfa, 0x36], [0xf5, 0xff, 0xa8], [0x96, 0xcb, 0xfe], [0xb9, 0xb6, 0xfc], [0x85, 0xbe, 0xfd], [0xe0, 0xe0, 0xe0]],
    },
    TerminalTheme {
        name: "AtomOneLight",
        background: [0xf9, 0xf9, 0xf9],
        foreground: [0x2a, 0x2c, 0x33],
        cursor: [0xbb, 0xbb, 0xbb],
        selection: [0x26, 0x4f, 0x78],
        ansi: [[0x00, 0x00, 0x00], [0xde, 0x3e, 0x35], [0x3f, 0x95, 0x3a], [0xd2, 0xb6, 0x7c], [0x2f, 0x5a, 0xf3], [0x95, 0x00, 0x95], [0x3f, 0x95, 0x3a], [0xbb, 0xbb, 0xbb], [0x00, 0x00, 0x00], [0xde, 0x3e, 0x35], [0x3f, 0x95, 0x3a], [0xd2, 0xb6, 0x7c], [0x2f, 0x5a, 0xf3], [0xa0, 0x00, 0x95], [0x3f, 0x95, 0x3a], [0xff, 0xff, 0xff]],
    },
    TerminalTheme {
        name: "Base16 Default Dark",
        background: [0x18, 0x18, 0x18],
        foreground: [0xd8, 0xd8, 0xd8],
        cursor: [0xd8, 0xd8, 0xd8],
        selection: [0x26, 0x4f, 0x78],
        ansi: [[0x18, 0x18, 0x18], [0xab, 0x46, 0x42], [0xa1, 0xb5, 0x6c], [0xf7, 0xca, 0x88], [0x7c, 0xaf, 0xc2], [0xba, 0x8b, 0xaf], [0x86, 0xc1, 0xb9], [0xd8, 0xd8, 0xd8], [0x58, 0x58, 0x58], [0xab, 0x46, 0x42], [0xa1, 0xb5, 0x6c], [0xf7, 0xca, 0x88], [0x7c, 0xaf, 0xc2], [0xba, 0x8b, 0xaf], [0x86, 0xc1, 0xb9], [0xf8, 0xf8, 0xf8]],
    },
    TerminalTheme {
        name: "Batman",
        background: [0x1b, 0x1d, 0x1e],
        foreground: [0x6f, 0x6f, 0x6f],
        cursor: [0xfc, 0xef, 0x0c],
        selection: [0x26, 0x4f, 0x78],
        ansi: [[0x1b, 0x1d, 0x1e], [0xe6, 0xdc, 0x44], [0xc8, 0xbe, 0x46], [0xf4, 0xfd, 0x22], [0x73, 0x71, 0x74], [0x74, 0x72, 0x71], [0x62, 0x60, 0x5f], [0xc6, 0xc5, 0xbf], [0x50, 0x53, 0x54], [0xff, 0xf7, 0x8e], [0xff, 0xf2, 0x7d], [0xfe, 0xed, 0x6c], [0x91, 0x94, 0x95], [0x9a, 0x9a, 0x9d], [0xa3, 0xa3, 0xa6], [0xda, 0xdb, 0xd6]],
    },
    TerminalTheme {
        name: "Belafonte Day",
        background: [0xd5, 0xcc, 0xba],
        foreground: [0x45, 0x37, 0x3c],
        cursor: [0x45, 0x37, 0x3c],
        selection: [0x26, 0x4f, 0x78],
        ansi: [[0x20, 0x11, 0x1b], [0xbe, 0x10, 0x0e], [0x85, 0x81, 0x62], [0xea, 0xa5, 0x49], [0x42, 0x6a, 0x79], [0x97, 0x52, 0x2c], [0x98, 0x9a, 0x9c], [0x96, 0x8c, 0x83], [0x5e, 0x52, 0x52], [0xbe, 0x10, 0x0e], [0x85, 0x81, 0x62], [0xea, 0xa5, 0x49], [0x42, 0x6a, 0x79], [0x97, 0x52, 0x2c], [0x98, 0x9a, 0x9c], [0xd5, 0xcc, 0xba]],
    },
    TerminalTheme {
        name: "Belafonte Night",
        background: [0x20, 0x11, 0x1b],
        foreground: [0x96, 0x8c, 0x83],
        cursor: [0x96, 0x8c, 0x83],
        selection: [0x26, 0x4f, 0x78],
        ansi: [[0x20, 0x11, 0x1b], [0xbe, 0x10, 0x0e], [0x85, 0x81, 0x62], [0xea, 0xa5, 0x49], [0x42, 0x6a, 0x79], [0x97, 0x52, 0x2c], [0x98, 0x9a, 0x9c], [0x96, 0x8c, 0x83], [0x5e, 0x52, 0x52], [0xbe, 0x10, 0x0e], [0x85, 0x81, 0x62], [0xea, 0xa5, 0x49], [0x42, 0x6a, 0x79], [0x97, 0x52, 0x2c], [0x98, 0x9a, 0x9c], [0xd5, 0xcc, 0xba]],
    },
    TerminalTheme {
        name: "BirdsOfParadise",
        background: [0x2a, 0x1f, 0x1d],
        foreground: [0xe0, 0xdb, 0xb7],
        cursor: [0x57, 0x3d, 0x26],
        selection: [0x26, 0x4f, 0x78],
        ansi: [[0x57, 0x3d, 0x26], [0xbe, 0x2d, 0x26], [0x6b, 0xa1, 0x8a], [0xe9, 0x9d, 0x2a], [0x5a, 0x86, 0xad], [0xac, 0x80, 0xa6], [0x74, 0xa6, 0xad], [0xe0, 0xdb, 0xb7], [0x9b, 0x6c, 0x4a], [0xe8, 0x46, 0x27], [0x95, 0xd8, 0xba], [0xd0, 0xd1, 0x50], [0xb8, 0xd3, 0xed], [0xd1, 0x9e, 0xcb], [0x93, 0xcf, 0xd7], [0xff, 0xf9, 0xd5]],
    },
    TerminalTheme {
        name: "Blazer",
        background: [0x0d, 0x19, 0x26],
        foreground: [0xd9, 0xe6, 0xf2],
        cursor: [0xd9, 0xe6, 0xf2],
        selection: [0x26, 0x4f, 0x78],
        ansi: [[0x00, 0x00, 0x00], [0xb8, 0x7a, 0x7a], [0x7a, 0xb8, 0x7a], [0xb8, 0xb8, 0x7a], [0x7a, 0x7a, 0xb8], [0xb8, 0x7a, 0xb8], [0x7a, 0xb8, 0xb8], [0xd9, 0xd9, 0xd9], [0x26, 0x26, 0x26], [0xdb, 0xbd, 0xbd], [0xbd, 0xdb, 0xbd], [0xdb, 0xdb, 0xbd], [0xbd, 0xbd, 0xdb], [0xdb, 0xbd, 0xdb], [0xbd, 0xdb, 0xdb], [0xff, 0xff, 0xff]],
    },
    TerminalTheme {
        name: "Borland",
        background: [0x00, 0x00, 0xa4],
        foreground: [0xff, 0xff, 0x4e],
        cursor: [0xff, 0xa5, 0x60],
        selection: [0x26, 0x4f, 0x78],
        ansi: [[0x4f, 0x4f, 0x4f], [0xff, 0x6c, 0x60], [0xa8, 0xff, 0x60], [0xff, 0xff, 0xb6], [0x96, 0xcb, 0xfe], [0xff, 0x73, 0xfd], [0xc6, 0xc5, 0xfe], [0xee, 0xee, 0xee], [0x7c, 0x7c, 0x7c], [0xff, 0xb6, 0xb0], [0xce, 0xff, 0xac], [0xff, 0xff, 0xcc], [0xb5, 0xdc, 0xff], [0xff, 0x9c, 0xfe], [0xdf, 0xdf, 0xfe], [0xff, 0xff, 0xff]],
    },
    TerminalTheme {
        name: "Bright Lights",
        background: [0x19, 0x19, 0x19],
        foreground: [0xb3, 0xc9, 0xd7],
        cursor: [0xf3, 0x4b, 0x00],
        selection: [0x26, 0x4f, 0x78],
        ansi: [[0x19, 0x19, 0x19], [0xff, 0x35, 0x5b], [0xb7, 0xe8, 0x76], [0xff, 0xc2, 0x51], [0x76, 0xd4, 0xff], [0xba, 0x76, 0xe7], [0x6c, 0xbf, 0xb5], [0xc2, 0xc8, 0xd7], [0x19, 0x19, 0x19], [0xff, 0x35, 0x5b], [0xb7, 0xe8, 0x76], [0xff, 0xc2, 0x51], [0x76, 0xd5, 0xff], [0xba, 0x76, 0xe7], [0x6c, 0xbf, 0xb5], [0xc2, 0xc8, 0xd7]],
    },
    TerminalTheme {
        name: "Broadcast",
        background: [0x2b, 0x2b, 0x2b],
        foreground: [0xe6, 0xe1, 0xdc],
        cursor: [0xff, 0xff, 0xff],
        selection: [0x26, 0x4f, 0x78],
        ansi: [[0x00, 0x00, 0x00], [0xda, 0x49, 0x39], [0x51, 0x9f, 0x50], [0xff, 0xd2, 0x4a], [0x6d, 0x9c, 0xbe], [0xd0, 0xd0, 0xff], [0x6e, 0x9c, 0xbe], [0xff, 0xff, 0xff], [0x32, 0x32, 0x32], [0xff, 0x7b, 0x6b], [0x83, 0xd1, 0x82], [0xff, 0xff, 0x7c], [0x9f, 0xce, 0xf0], [0xff, 0xff, 0xff], [0xa0, 0xce, 0xf0], [0xff, 0xff, 0xff]],
    },
    TerminalTheme {
        name: "Brogrammer",
        background: [0x13, 0x13, 0x13],
        foreground: [0xd6, 0xdb, 0xe5],
        cursor: [0xb9, 0xb9, 0xb9],
        selection: [0x26, 0x4f, 0x78],
        ansi: [[0x1f, 0x1f, 0x1f], [0xf8, 0x11, 0x18], [0x2d, 0xc5, 0x5e], [0xec, 0xba, 0x0f], [0x2a, 0x84, 0xd2], [0x4e, 0x5a, 0xb7], [0x10, 0x81, 0xd6], [0xd6, 0xdb, 0xe5], [0xd6, 0xdb, 0xe5], [0xde, 0x35, 0x2e], [0x1d, 0xd3, 0x61], [0xf3, 0xbd, 0x09], [0x10, 0x81, 0xd6], [0x53, 0x50, 0xb9], [0x0f, 0x7d, 0xdb], [0xff, 0xff, 0xff]],
    },
    TerminalTheme {
        name: "C64",
        background: [0x40, 0x31, 0x8d],
        foreground: [0x78, 0x69, 0xc4],
        cursor: [0x78, 0x69, 0xc4],
        selection: [0x26, 0x4f, 0x78],
        ansi: [[0x09, 0x03, 0x00], [0x88, 0x39, 0x32], [0x55, 0xa0, 0x49], [0xbf, 0xce, 0x72], [0x40, 0x31, 0x8d], [0x8b, 0x3f, 0x96], [0x67, 0xb6, 0xbd], [0xff, 0xff, 0xff], [0x00, 0x00, 0x00], [0x88, 0x39, 0x32], [0x55, 0xa0, 0x49], [0xbf, 0xce, 0x72], [0x40, 0x31, 0x8d], [0x8b, 0x3f, 0x96], [0x67, 0xb6, 0xbd], [0xf7, 0xf7, 0xf7]],
    },
    TerminalTheme {
        name: "CLRS",
        background: [0xff, 0xff, 0xff],
        foreground: [0x26, 0x26, 0x26],
        cursor: [0x6f, 0xd3, 0xfc],
        selection: [0x26, 0x4f, 0x78],
        ansi: [[0x00, 0x00, 0x00], [0xf8, 0x28, 0x2a], [0x32, 0x8a, 0x5d], [0xfa, 0x70, 0x1d], [0x13, 0x5c, 0xd0], [0x9f, 0x00, 0xbd], [0x33, 0xc3, 0xc1], [0xb3, 0xb3, 0xb3], [0x55, 0x57, 0x53], [0xfb, 0x04, 0x16], [0x2c, 0xc6, 0x31], [0xfd, 0xd7, 0x27], [0x16, 0x70, 0xff], [0xe9, 0x00, 0xb0], [0x3a, 0xd5, 0xce], [0xee, 0xee, 0xec]],
    },
    TerminalTheme {
        name: "Chalk",
        background: [0x2b, 0x2d, 0x2e],
        foreground: [0xd2, 0xd8, 0xd9],
        cursor: [0x70, 0x82, 0x84],
        selection: [0x26, 0x4f, 0x78],
        ansi: [[0x7d, 0x8b, 0x8f], [0xb2, 0x3a, 0x52], [0x78, 0x9b, 0x6a], [0xb9, 0xac, 0x4a], [0x2a, 0x7f, 0xac], [0xbd, 0x4f, 0x5a], [0x44, 0xa7, 0x99], [0xd2, 0xd8, 0xd9], [0x88, 0x88, 0x88], [0xf2, 0x48, 0x40], [0x80, 0xc4, 0x70], [0xff, 0xeb, 0x62], [0x41, 0x96, 0xff], [0xfc, 0x52, 0x75], [0x53, 0xcd, 0xbd], [0xd2, 0xd8, 0xd9]],
    },
    TerminalTheme {
        name: "Chalkboard",
        background: [0x29, 0x26, 0x2f],
        foreground: [0xd9, 0xe6, 0xf2],
        cursor: [0xd9, 0xe6, 0xf2],
        selection: [0x26, 0x4f, 0x78],
        ansi: [[0x00, 0x00, 0x00], [0xc3, 0x73, 0x72], [0x72, 0xc3, 0x73], [0xc2, 0xc3, 0x72], [0x73, 0x72, 0xc3], [0xc3, 0x72, 0xc2], [0x72, 0xc2, 0xc3], [0xd9, 0xd9, 0xd9], [0x32, 0x32, 0x32], [0xdb, 0xaa, 0xaa], [0xaa, 0xdb, 0xaa], [0xda, 0xdb, 0xaa], [0xaa, 0xaa, 0xdb], [0xdb, 0xaa, 0xda], [0xaa, 0xda, 0xdb], [0xff, 0xff, 0xff]],
    },
    TerminalTheme {
        name: "Ciapre",
        background: [0x19, 0x1c, 0x27],
        foreground: [0xae, 0xa4, 0x7a],
        cursor: [0x92, 0x80, 0x5b],
        selection: [0x26, 0x4f, 0x78],
        ansi: [[0x18, 0x18, 0x18], [0x81, 0x00, 0x09], [0x48, 0x51, 0x3b], [0xcc, 0x8b, 0x3f], [0x57, 0x6d, 0x8c], [0x72, 0x4d, 0x7c], [0x5c, 0x4f, 0x4b], [0xae, 0xa4, 0x7f], [0x55, 0x55, 0x55], [0xac, 0x38, 0x35], [0xa6, 0xa7, 0x5d], [0xdc, 0xdf, 0x7c], [0x30, 0x97, 0xc6], [0xd3, 0x30, 0x61], [0xf3, 0xdb, 0xb2], [0xf4, 0xf4, 0xf4]],
    },
    TerminalTheme {
        name: "Cobalt Neon",
        background: [0x14, 0x28, 0x38],
        foreground: [0x8f, 0xf5, 0x86],
        cursor: [0xc4, 0x20, 0x6f],
        selection: [0x26, 0x4f, 0x78],
        ansi: [[0x14, 0x26, 0x31], [0xff, 0x23, 0x20], [0x3b, 0xa5, 0xff], [0xe9, 0xe7, 0x5c], [0x8f, 0xf5, 0x86], [0x78, 0x1a, 0xa0], [0x8f, 0xf5, 0x86], [0xba, 0x46, 0xb2], [0xff, 0xf6, 0x88], [0xd4, 0x31, 0x2e], [0x8f, 0xf5, 0x86], [0xe9, 0xf0, 0x6d], [0x3c, 0x7d, 0xd2], [0x82, 0x30, 0xa7], [0x6c, 0xbc, 0x67], [0x8f, 0xf5, 0x86]],
    },
    TerminalTheme {
        name: "Cobalt2",
        background: [0x13, 0x27, 0x38],
        foreground: [0xff, 0xff, 0xff],
        cursor: [0xf0, 0xcc, 0x09],
        selection: [0x26, 0x4f, 0x78],
        ansi: [[0x00, 0x00, 0x00], [0xff, 0x00, 0x00], [0x38, 0xde, 0x21], [0xff, 0xe5, 0x0a], [0x14, 0x60, 0xd2], [0xff, 0x00, 0x5d], [0x00, 0xbb, 0xbb], [0xbb, 0xbb, 0xbb], [0x55, 0x55, 0x55], [0xf4, 0x0e, 0x17], [0x3b, 0xd0, 0x1d], [0xed, 0xc8, 0x09], [0x55, 0x55, 0xff], [0xff, 0x55, 0xff], [0x6a, 0xe3, 0xfa], [0xff, 0xff, 0xff]],
    },
    TerminalTheme {
        name: "CoolRetroTermAmber",
        background: [0x11, 0x0a, 0x00],
        foreground: [0xff, 0x68, 0x00],
        cursor: [0xff, 0x81, 0x00],
        selection: [0x26, 0x4f, 0x78],
        ansi: [[0x00, 0x00, 0x00], [0xc1, 0x39, 0x00], [0xff, 0xcc, 0x80], [0x4f, 0x67, 0xff], [0xff, 0xcc, 0x80], [0xfc, 0x5e, 0x00], [0xf7, 0x95, 0x00], [0xff, 0xc8, 0x8a], [0x6a, 0x4f, 0x2a], [0xff, 0x00, 0x00], [0xff, 0xb5, 0x33], [0xff, 0xe8, 0x00], [0xff, 0x9c, 0x00], [0xfc, 0x87, 0x4f], [0xc6, 0x97, 0x52], [0xc6, 0x97, 0x52]],
    },
    TerminalTheme {
        name: "CrayonPonyFish",
        background: [0x15, 0x07, 0x07],
        foreground: [0x68, 0x52, 0x5a],
        cursor: [0x68, 0x52, 0x5a],
        selection: [0x26, 0x4f, 0x78],
        ansi: [[0x2b, 0x1b, 0x1d], [0x91, 0x00, 0x2b], [0x57, 0x95, 0x24], [0xab, 0x31, 0x1b], [0x8c, 0x87, 0xb0], [0x69, 0x2f, 0x50], [0xe8, 0xa8, 0x66], [0x68, 0x52, 0x5a], [0x3d, 0x2b, 0x2e], [0xc5, 0x25, 0x5d], [0x8d, 0xff, 0x57], [0xc8, 0x38, 0x1d], [0xcf, 0xc9, 0xff], [0xfc, 0x6c, 0xba], [0xff, 0xce, 0xaf], [0xb0, 0x94, 0x9d]],
    },
    TerminalTheme {
        name: "Dark Pastel",
        background: [0x00, 0x00, 0x00],
        foreground: [0xff, 0xff, 0xff],
        cursor: [0xbb, 0xbb, 0xbb],
        selection: [0x26, 0x4f, 0x78],
        ansi: [[0x00, 0x00, 0x00], [0xff, 0x55, 0x55], [0x55, 0xff, 0x55], [0xff, 0xff, 0x55], [0x55, 0x55, 0xff], [0xff, 0x55, 0xff], [0x55, 0xff, 0xff], [0xbb, 0xbb, 0xbb], [0x55, 0x55, 0x55], [0xff, 0x55, 0x55], [0x55, 0xff, 0x55], [0xff, 0xff, 0x55], [0x55, 0x55, 0xff], [0xff, 0x55, 0xff], [0x55, 0xff, 0xff], [0xff, 0xff, 0xff]],
    },
    TerminalTheme {
        name: "Darkside",
        background: [0x22, 0x23, 0x24],
        foreground: [0xba, 0xba, 0xba],
        cursor: [0xbb, 0xbb, 0xbb],
        selection: [0x26, 0x4f, 0x78],
        ansi: [[0x00, 0x00, 0x00], [0xe8, 0x34, 0x1c], [0x68, 0xc2, 0x56], [0xf2, 0xd4, 0x2c], [0x1c, 0x98, 0xe8], [0x8e, 0x69, 0xc9], [0x1c, 0x98, 0xe8], [0xba, 0xba, 0xba], [0x00, 0x00, 0x00], [0xe0, 0x5a, 0x4f], [0x77, 0xb8, 0x69], [0xef, 0xd6, 0x4b], [0x38, 0x7c, 0xd3], [0x95, 0x7b, 0xbe], [0x3d, 0x97, 0xe2], [0xba, 0xba, 0xba]],
    },
    TerminalTheme {
        name: "Desert",
        background: [0x33, 0x33, 0x33],
        foreground: [0xff, 0xff, 0xff],
        cursor: [0x00, 0xff, 0x00],
        selection: [0x26, 0x4f, 0x78],
        ansi: [[0x4d, 0x4d, 0x4d], [0xff, 0x2b, 0x2b], [0x98, 0xfb, 0x98], [0xf0, 0xe6, 0x8c], [0xcd, 0x85, 0x3f], [0xff, 0xde, 0xad], [0xff, 0xa0, 0xa0], [0xf5, 0xde, 0xb3], [0x55, 0x55, 0x55], [0xff, 0x55, 0x55], [0x55, 0xff, 0x55], [0xff, 0xff, 0x55], [0x87, 0xce, 0xff], [0xff, 0x55, 0xff], [0xff, 0xd7, 0x00], [0xff, 0xff, 0xff]],
    },
    TerminalTheme {
        name: "DimmedMonokai",
        background: [0x1f, 0x1f, 0x1f],
        foreground: [0xb9, 0xbc, 0xba],
        cursor: [0xf8, 0x3e, 0x19],
        selection: [0x26, 0x4f, 0x78],
        ansi: [[0x3a, 0x3d, 0x43], [0xbe, 0x3f, 0x48], [0x87, 0x9a, 0x3b], [0xc5, 0xa6, 0x35], [0x4f, 0x76, 0xa1], [0x85, 0x5c, 0x8d], [0x57, 0x8f, 0xa4], [0xb9, 0xbc, 0xba], [0x88, 0x89, 0x87], [0xfb, 0x00, 0x1f], [0x0f, 0x72, 0x2f], [0xc4, 0x70, 0x33], [0x18, 0x6d, 0xe3], [0xfb, 0x00, 0x67], [0x2e, 0x70, 0x6d], [0xfd, 0xff, 0xb9]],
    },
    TerminalTheme {
        name: "DotGov",
        background: [0x26, 0x2c, 0x35],
        foreground: [0xeb, 0xeb, 0xeb],
        cursor: [0xd9, 0x00, 0x2f],
        selection: [0x26, 0x4f, 0x78],
        ansi: [[0x19, 0x19, 0x19], [0xbf, 0x09, 0x1d], [0x3d, 0x97, 0x51], [0xf6, 0xbb, 0x34], [0x17, 0xb2, 0xe0], [0x78, 0x30, 0xb0], [0x8b, 0xd2, 0xed], [0xff, 0xff, 0xff], [0x19, 0x19, 0x19], [0xbf, 0x09, 0x1d], [0x3d, 0x97, 0x51], [0xf6, 0xbb, 0x34], [0x17, 0xb2, 0xe0], [0x78, 0x30, 0xb0], [0x8b, 0xd2, 0xed], [0xff, 0xff, 0xff]],
    },
    TerminalTheme {
        name: "Dracula",
        background: [0x1e, 0x1f, 0x29],
        foreground: [0xf8, 0xf8, 0xf2],
        cursor: [0xbb, 0xbb, 0xbb],
        selection: [0x26, 0x4f, 0x78],
        ansi: [[0x00, 0x00, 0x00], [0xff, 0x55, 0x55], [0x50, 0xfa, 0x7b], [0xf1, 0xfa, 0x8c], [0xbd, 0x93, 0xf9], [0xff, 0x79, 0xc6], [0x8b, 0xe9, 0xfd], [0xbb, 0xbb, 0xbb], [0x55, 0x55, 0x55], [0xff, 0x55, 0x55], [0x50, 0xfa, 0x7b], [0xf1, 0xfa, 0x8c], [0xbd, 0x93, 0xf9], [0xff, 0x79, 0xc6], [0x8b, 0xe9, 0xfd], [0xff, 0xff, 0xff]],
    },
    TerminalTheme {
        name: "Duotone Dark",
        background: [0x1f, 0x1d, 0x27],
        foreground: [0xb7, 0xa1, 0xff],
        cursor: [0xff, 0x98, 0x39],
        selection: [0x26, 0x4f, 0x78],
        ansi: [[0x1f, 0x1d, 0x27], [0xd9, 0x39, 0x3e], [0x2d, 0xcd, 0x73], [0xd9, 0xb7, 0x6e], [0xff, 0xc2, 0x84], [0xde, 0x8d, 0x40], [0x24, 0x88, 0xff], [0xb7, 0xa1, 0xff], [0x35, 0x31, 0x47], [0xd9, 0x39, 0x3e], [0x2d, 0xcd, 0x73], [0xd9, 0xb7, 0x6e], [0xff, 0xc2, 0x84], [0xde, 0x8d, 0x40], [0x24, 0x88, 0xff], [0xea, 0xe5, 0xff]],
    },
    TerminalTheme {
        name: "ENCOM",
        background: [0x00, 0x00, 0x00],
        foreground: [0x00, 0xa5, 0x95],
        cursor: [0xbb, 0xbb, 0xbb],
        selection: [0x26, 0x4f, 0x78],
        ansi: [[0x00, 0x00, 0x00], [0x9f, 0x00, 0x00], [0x00, 0x8b, 0x00], [0xff, 0xd0, 0x00], [0x00, 0x81, 0xff], [0xbc, 0x00, 0xca], [0x00, 0x8b, 0x8b], [0xbb, 0xbb, 0xbb], [0x55, 0x55, 0x55], [0xff, 0x00, 0x00], [0x00, 0xee, 0x00], [0xff, 0xff, 0x00], [0x00, 0x00, 0xff], [0xff, 0x00, 0xff], [0x00, 0xcd, 0xcd], [0xff, 0xff, 0xff]],
    },
    TerminalTheme {
        name: "Earthsong",
        background: [0x29, 0x25, 0x20],
        foreground: [0xe5, 0xc7, 0xa9],
        cursor: [0xf6, 0xf7, 0xec],
        selection: [0x26, 0x4f, 0x78],
        ansi: [[0x12, 0x14, 0x18], [0xc9, 0x42, 0x34], [0x85, 0xc5, 0x4c], [0xf5, 0xae, 0x2e], [0x13, 0x98, 0xb9], [0xd0, 0x63, 0x3d], [0x50, 0x95, 0x52], [0xe5, 0xc6, 0xaa], [0x67, 0x5f, 0x54], [0xff, 0x64, 0x5a], [0x98, 0xe0, 0x36], [0xe0, 0xd5, 0x61], [0x5f, 0xda, 0xff], [0xff, 0x92, 0x69], [0x84, 0xf0, 0x88], [0xf6, 0xf7, 0xec]],
    },
    TerminalTheme {
        name: "Elemental",
        background: [0x22, 0x21, 0x1d],
        foreground: [0x80, 0x7a, 0x74],
        cursor: [0xfa, 0xcb, 0x80],
        selection: [0x26, 0x4f, 0x78],
        ansi: [[0x3c, 0x3c, 0x30], [0x98, 0x29, 0x0f], [0x47, 0x9a, 0x43], [0x7f, 0x71, 0x11], [0x49, 0x7f, 0x7d], [0x7f, 0x4e, 0x2f], [0x38, 0x7f, 0x58], [0x80, 0x79, 0x74], [0x55, 0x54, 0x45], [0xe0, 0x50, 0x2a], [0x61, 0xe0, 0x70], [0xd6, 0x99, 0x27], [0x79, 0xd9, 0xd9], [0xcd, 0x7c, 0x54], [0x59, 0xd5, 0x99], [0xff, 0xf1, 0xe9]],
    },
    TerminalTheme {
        name: "Elementary",
        background: [0x18, 0x18, 0x18],
        foreground: [0xef, 0xef, 0xef],
        cursor: [0xbb, 0xbb, 0xbb],
        selection: [0x26, 0x4f, 0x78],
        ansi: [[0x24, 0x24, 0x24], [0xd7, 0x1c, 0x15], [0x5a, 0xa5, 0x13], [0xfd, 0xb4, 0x0c], [0x06, 0x3b, 0x8c], [0xe4, 0x00, 0x38], [0x25, 0x95, 0xe1], [0xef, 0xef, 0xef], [0x4b, 0x4b, 0x4b], [0xfc, 0x1c, 0x18], [0x6b, 0xc2, 0x19], [0xfe, 0xc8, 0x0e], [0x09, 0x55, 0xff], [0xfb, 0x00, 0x50], [0x3e, 0xa8, 0xfc], [0x8c, 0x00, 0xec]],
    },
    TerminalTheme {
        name: "Espresso",
        background: [0x32, 0x32, 0x32],
        foreground: [0xff, 0xff, 0xff],
        cursor: [0xd6, 0xd6, 0xd6],
        selection: [0x26, 0x4f, 0x78],
        ansi: [[0x35, 0x35, 0x35], [0xd2, 0x52, 0x52], [0xa5, 0xc2, 0x61], [0xff, 0xc6, 0x6d], [0x6c, 0x99, 0xbb], [0xd1, 0x97, 0xd9], [0xbe, 0xd6, 0xff], [0xee, 0xee, 0xec], [0x53, 0x53, 0x53], [0xf0, 0x0c, 0x0c], [0xc2, 0xe0, 0x75], [0xe1, 0xe4, 0x8b], [0x8a, 0xb7, 0xd9], [0xef, 0xb5, 0xf7], [0xdc, 0xf4, 0xff], [0xff, 0xff, 0xff]],
    },
    TerminalTheme {
        name: "Espresso Libre",
        background: [0x2a, 0x21, 0x1c],
        foreground: [0xb8, 0xa8, 0x98],
        cursor: [0xff, 0xff, 0xff],
        selection: [0x26, 0x4f, 0x78],
        ansi: [[0x00, 0x00, 0x00], [0xcc, 0x00, 0x00], [0x1a, 0x92, 0x1c], [0xf0, 0xe5, 0x3a], [0x00, 0x66, 0xff], [0xc5, 0x65, 0x6b], [0x06, 0x98, 0x9a], [0xd3, 0xd7, 0xcf], [0x55, 0x57, 0x53], [0xef, 0x29, 0x29], [0x9a, 0xff, 0x87], [0xff, 0xfb, 0x5c], [0x43, 0xa8, 0xed], [0xff, 0x81, 0x8a], [0x34, 0xe2, 0xe2], [0xee, 0xee, 0xec]],
    },
    TerminalTheme {
        name: "Fideloper",
        background: [0x29, 0x2f, 0x33],
        foreground: [0xdb, 0xda, 0xe0],
        cursor: [0xd4, 0x60, 0x5a],
        selection: [0x26, 0x4f, 0x78],
        ansi: [[0x29, 0x2f, 0x33], [0xcb, 0x1e, 0x2d], [0xed, 0xb8, 0xac], [0xb7, 0xab, 0x9b], [0x2e, 0x78, 0xc2], [0xc0, 0x23, 0x6f], [0x30, 0x91, 0x86], [0xea, 0xe3, 0xce], [0x09, 0x20, 0x28], [0xd4, 0x60, 0x5a], [0xd4, 0x60, 0x5a], [0xa8, 0x66, 0x71], [0x7c, 0x85, 0xc4], [0x5c, 0x5d, 0xb2], [0x81, 0x90, 0x90], [0xfc, 0xf4, 0xdf]],
    },
    TerminalTheme {
        name: "FirefoxDev",
        background: [0x0e, 0x10, 0x11],
        foreground: [0x7c, 0x8f, 0xa4],
        cursor: [0x70, 0x82, 0x84],
        selection: [0x26, 0x4f, 0x78],
        ansi: [[0x00, 0x28, 0x31], [0xe6, 0x38, 0x53], [0x5e, 0xb8, 0x3c], [0xa5, 0x77, 0x06], [0x35, 0x9d, 0xdf], [0xd7, 0x5c, 0xff], [0x4b, 0x73, 0xa2], [0xdc, 0xdc, 0xdc], [0x00, 0x1e, 0x27], [0xe1, 0x00, 0x3f], [0x1d, 0x90, 0x00], [0xcd, 0x94, 0x09], [0x00, 0x6f, 0xc0], [0xa2, 0x00, 0xda], [0x00, 0x57, 0x94], [0xe2, 0xe2, 0xe2]],
    },
    TerminalTheme {
        name: "Firewatch",
        background: [0x1e, 0x20, 0x27],
        foreground: [0x9b, 0xa2, 0xb2],
        cursor: [0xf6, 0xf7, 0xec],
        selection: [0x26, 0x4f, 0x78],
        ansi: [[0x58, 0x5f, 0x6d], [0xd9, 0x53, 0x60], [0x5a, 0xb9, 0x77], [0xdf, 0xb5, 0x63], [0x4d, 0x89, 0xc4], [0xd5, 0x51, 0x19], [0x44, 0xa8, 0xb6], [0xe6, 0xe5, 0xff], [0x58, 0x5f, 0x6d], [0xd9, 0x53, 0x60], [0x5a, 0xb9, 0x77], [0xdf, 0xb5, 0x63], [0x4c, 0x89, 0xc5], [0xd5, 0x51, 0x19], [0x44, 0xa8, 0xb6], [0xe6, 0xe5, 0xff]],
    },
    TerminalTheme {
        name: "FishTank",
        background: [0x23, 0x25, 0x37],
        foreground: [0xec, 0xf0, 0xfe],
        cursor: [0xfe, 0xcd, 0x5e],
        selection: [0x26, 0x4f, 0x78],
        ansi: [[0x03, 0x07, 0x3c], [0xc6, 0x00, 0x4a], [0xac, 0xf1, 0x57], [0xfe, 0xcd, 0x5e], [0x52, 0x5f, 0xb8], [0x98, 0x6f, 0x82], [0x96, 0x87, 0x63], [0xec, 0xf0, 0xfc], [0x6c, 0x5b, 0x30], [0xda, 0x4b, 0x8a], [0xdb, 0xff, 0xa9], [0xfe, 0xe6, 0xa9], [0xb2, 0xbe, 0xfa], [0xfd, 0xa5, 0xcd], [0xa5, 0xbd, 0x86], [0xf6, 0xff, 0xec]],
    },
    TerminalTheme {
        name: "Flat",
        background: [0x00, 0x22, 0x40],
        foreground: [0x2c, 0xc5, 0x5d],
        cursor: [0xe5, 0xbe, 0x0c],
        selection: [0x26, 0x4f, 0x78],
        ansi: [[0x22, 0x2d, 0x3f], [0xa8, 0x23, 0x20], [0x32, 0xa5, 0x48], [0xe5, 0x8d, 0x11], [0x31, 0x67, 0xac], [0x78, 0x1a, 0xa0], [0x2c, 0x93, 0x70], [0xb0, 0xb6, 0xba], [0x21, 0x2c, 0x3c], [0xd4, 0x31, 0x2e], [0x2d, 0x94, 0x40], [0xe5, 0xbe, 0x0c], [0x3c, 0x7d, 0xd2], [0x82, 0x30, 0xa7], [0x35, 0xb3, 0x87], [0xe7, 0xec, 0xed]],
    },
    TerminalTheme {
        name: "Flatland",
        background: [0x1d, 0x1f, 0x21],
        foreground: [0xb8, 0xdb, 0xef],
        cursor: [0x70, 0x82, 0x84],
        selection: [0x26, 0x4f, 0x78],
        ansi: [[0x1d, 0x1d, 0x19], [0xf1, 0x83, 0x39], [0x9f, 0xd3, 0x64], [0xf4, 0xef, 0x6d], [0x50, 0x96, 0xbe], [0x69, 0x5a, 0xbc], [0xd6, 0x38, 0x65], [0xff, 0xff, 0xff], [0x1d, 0x1d, 0x19], [0xd2, 0x2a, 0x24], [0xa7, 0xd4, 0x2c], [0xff, 0x89, 0x49], [0x61, 0xb9, 0xd0], [0x69, 0x5a, 0xbc], [0xd6, 0x38, 0x65], [0xff, 0xff, 0xff]],
    },
    TerminalTheme {
        name: "Floraverse",
        background: [0x0e, 0x0d, 0x15],
        foreground: [0xdb, 0xd1, 0xb9],
        cursor: [0xbb, 0xbb, 0xbb],
        selection: [0x26, 0x4f, 0x78],
        ansi: [[0x08, 0x00, 0x2e], [0x64, 0x00, 0x2c], [0x5d, 0x73, 0x1a], [0xcd, 0x75, 0x1c], [0x1d, 0x6d, 0xa1], [0xb7, 0x07, 0x7e], [0x42, 0xa3, 0x8c], [0xf3, 0xe0, 0xb8], [0x33, 0x1e, 0x4d], [0xd0, 0x20, 0x63], [0xb4, 0xce, 0x59], [0xfa, 0xc3, 0x57], [0x40, 0xa4, 0xcf], [0xf1, 0x2a, 0xae], [0x62, 0xca, 0xa8], [0xff, 0xf5, 0xdb]],
    },
    TerminalTheme {
        name: "ForestBlue",
        background: [0x05, 0x15, 0x19],
        foreground: [0xe2, 0xd8, 0xcd],
        cursor: [0x9e, 0x9e, 0xcb],
        selection: [0x26, 0x4f, 0x78],
        ansi: [[0x33, 0x33, 0x33], [0xf8, 0x81, 0x8e], [0x92, 0xd3, 0xa2], [0x1a, 0x8e, 0x63], [0x8e, 0xd0, 0xce], [0x5e, 0x46, 0x8c], [0x31, 0x65, 0x8c], [0xe2, 0xd8, 0xcd], [0x3d, 0x3d, 0x3d], [0xfb, 0x3d, 0x66], [0x6b, 0xb4, 0x8d], [0x30, 0xc8, 0x5a], [0x39, 0xa7, 0xa2], [0x7e, 0x62, 0xb3], [0x60, 0x96, 0xbf], [0xe2, 0xd8, 0xcd]],
    },
    TerminalTheme {
        name: "FrontEndDelight",
        background: [0x1b, 0x1c, 0x1d],
        foreground: [0xad, 0xad, 0xad],
        cursor: [0xcd, 0xcd, 0xcd],
        selection: [0x26, 0x4f, 0x78],
        ansi: [[0x24, 0x25, 0x26], [0xf8, 0x51, 0x1b], [0x56, 0x57, 0x47], [0xfa, 0x77, 0x1d], [0x2c, 0x70, 0xb7], [0xf0, 0x2e, 0x4f], [0x3c, 0xa1, 0xa6], [0xad, 0xad, 0xad], [0x5f, 0xac, 0x6d], [0xf7, 0x43, 0x19], [0x74, 0xec, 0x4c], [0xfd, 0xc3, 0x25], [0x33, 0x93, 0xca], [0xe7, 0x5e, 0x4f], [0x4f, 0xbc, 0xe6], [0x8c, 0x73, 0x5b]],
    },
    TerminalTheme {
        name: "FunForrest",
        background: [0x25, 0x12, 0x00],
        foreground: [0xde, 0xc1, 0x65],
        cursor: [0xe5, 0x59, 0x1c],
        selection: [0x26, 0x4f, 0x78],
        ansi: [[0x00, 0x00, 0x00], [0xd6, 0x26, 0x2b], [0x91, 0x9c, 0x00], [0xbe, 0x8a, 0x13], [0x46, 0x99, 0xa3], [0x8d, 0x43, 0x31], [0xda, 0x82, 0x13], [0xdd, 0xc2, 0x65], [0x7f, 0x6a, 0x55], [0xe5, 0x5a, 0x1c], [0xbf, 0xc6, 0x5a], [0xff, 0xcb, 0x1b], [0x7c, 0xc9, 0xcf], [0xd2, 0x63, 0x49], [0xe6, 0xa9, 0x6b], [0xff, 0xea, 0xa3]],
    },
    TerminalTheme {
        name: "Galaxy",
        background: [0x1d, 0x28, 0x37],
        foreground: [0xff, 0xff, 0xff],
        cursor: [0xbb, 0xbb, 0xbb],
        selection: [0x26, 0x4f, 0x78],
        ansi: [[0x00, 0x00, 0x00], [0xf9, 0x55, 0x5f], [0x21, 0xb0, 0x89], [0xfe, 0xf0, 0x2a], [0x58, 0x9d, 0xf6], [0x94, 0x4d, 0x95], [0x1f, 0x9e, 0xe7], [0xbb, 0xbb, 0xbb], [0x55, 0x55, 0x55], [0xfa, 0x8c, 0x8f], [0x35, 0xbb, 0x9a], [0xff, 0xff, 0x55], [0x58, 0x9d, 0xf6], [0xe7, 0x56, 0x99], [0x39, 0x79, 0xbc], [0xff, 0xff, 0xff]],
    },
    TerminalTheme {
        name: "Github",
        background: [0xf4, 0xf4, 0xf4],
        foreground: [0x3e, 0x3e, 0x3e],
        cursor: [0x3f, 0x3f, 0x3f],
        selection: [0x26, 0x4f, 0x78],
        ansi: [[0x3e, 0x3e, 0x3e], [0x97, 0x0b, 0x16], [0x07, 0x96, 0x2a], [0xf8, 0xee, 0xc7], [0x00, 0x3e, 0x8a], [0xe9, 0x46, 0x91], [0x89, 0xd1, 0xec], [0xff, 0xff, 0xff], [0x66, 0x66, 0x66], [0xde, 0x00, 0x00], [0x87, 0xd5, 0xa2], [0xf1, 0xd0, 0x07], [0x2e, 0x6c, 0xba], [0xff, 0xa2, 0x9f], [0x1c, 0xfa, 0xfe], [0xff, 0xff, 0xff]],
    },
    TerminalTheme {
        name: "Glacier",
        background: [0x0c, 0x11, 0x15],
        foreground: [0xff, 0xff, 0xff],
        cursor: [0x6c, 0x6c, 0x6c],
        selection: [0x26, 0x4f, 0x78],
        ansi: [[0x2e, 0x34, 0x3c], [0xbd, 0x0f, 0x2f], [0x35, 0xa7, 0x70], [0xfb, 0x94, 0x35], [0x1f, 0x58, 0x72], [0xbd, 0x25, 0x23], [0x77, 0x83, 0x97], [0xff, 0xff, 0xff], [0x40, 0x4a, 0x55], [0xbd, 0x0f, 0x2f], [0x49, 0xe9, 0x98], [0xfd, 0xdf, 0x6e], [0x2a, 0x8b, 0xc1], [0xea, 0x47, 0x27], [0xa0, 0xb6, 0xd3], [0xff, 0xff, 0xff]],
    },
    TerminalTheme {
        name: "Grape",
        background: [0x17, 0x14, 0x23],
        foreground: [0x9f, 0x9f, 0xa1],
        cursor: [0xa2, 0x88, 0xf7],
        selection: [0x26, 0x4f, 0x78],
        ansi: [[0x2d, 0x28, 0x3f], [0xed, 0x22, 0x61], [0x1f, 0xa9, 0x1b], [0x8d, 0xdc, 0x20], [0x48, 0x7d, 0xf4], [0x8d, 0x35, 0xc9], [0x3b, 0xde, 0xed], [0x9e, 0x9e, 0xa0], [0x59, 0x51, 0x6a], [0xf0, 0x72, 0x9a], [0x53, 0xaa, 0x5e], [0xb2, 0xdc, 0x87], [0xa9, 0xbc, 0xec], [0xad, 0x81, 0xc2], [0x9d, 0xe3, 0xeb], [0xa2, 0x88, 0xf7]],
    },
    TerminalTheme {
        name: "Grass",
        background: [0x13, 0x77, 0x3d],
        foreground: [0xff, 0xf0, 0xa5],
        cursor: [0x8c, 0x28, 0x00],
        selection: [0x26, 0x4f, 0x78],
        ansi: [[0x00, 0x00, 0x00], [0xbb, 0x00, 0x00], [0x00, 0xbb, 0x00], [0xe7, 0xb0, 0x00], [0x00, 0x00, 0xa3], [0x95, 0x00, 0x62], [0x00, 0xbb, 0xbb], [0xbb, 0xbb, 0xbb], [0x55, 0x55, 0x55], [0xbb, 0x00, 0x00], [0x00, 0xbb, 0x00], [0xe7, 0xb0, 0x00], [0x00, 0x00, 0xbb], [0xff, 0x55, 0xff], [0x55, 0xff, 0xff], [0xff, 0xff, 0xff]],
    },
    TerminalTheme {
        name: "Gruvbox Dark",
        background: [0x1e, 0x1e, 0x1e],
        foreground: [0xe6, 0xd4, 0xa3],
        cursor: [0xbb, 0xbb, 0xbb],
        selection: [0x26, 0x4f, 0x78],
        ansi: [[0x16, 0x18, 0x19], [0xf7, 0x30, 0x28], [0xaa, 0xb0, 0x1e], [0xf7, 0xb1, 0x25], [0x71, 0x95, 0x86], [0xc7, 0x70, 0x89], [0x7d, 0xb6, 0x69], [0xfa, 0xef, 0xbb], [0x7f, 0x70, 0x61], [0xbe, 0x0f, 0x17], [0x86, 0x87, 0x15], [0xcc, 0x88, 0x1a], [0x37, 0x73, 0x75], [0xa0, 0x4b, 0x73], [0x57, 0x8e, 0x57], [0xe6, 0xd4, 0xa3]],
    },
    TerminalTheme {
        name: "Hardcore",
        background: [0x12, 0x12, 0x12],
        foreground: [0xa0, 0xa0, 0xa0],
        cursor: [0xbb, 0xbb, 0xbb],
        selection: [0x26, 0x4f, 0x78],
        ansi: [[0x1b, 0x1d, 0x1e], [0xf9, 0x26, 0x72], [0xa6, 0xe2, 0x2e], [0xfd, 0x97, 0x1f], [0x66, 0xd9, 0xef], [0x9e, 0x6f, 0xfe], [0x5e, 0x71, 0x75], [0xcc, 0xcc, 0xc6], [0x50, 0x53, 0x54], [0xff, 0x66, 0x9d], [0xbe, 0xed, 0x5f], [0xe6, 0xdb, 0x74], [0x66, 0xd9, 0xef], [0x9e, 0x6f, 0xfe], [0xa3, 0xba, 0xbf], [0xf8, 0xf8, 0xf2]],
    },
    TerminalTheme {
        name: "Harper",
        background: [0x01, 0x01, 0x01],
        foreground: [0xa8, 0xa4, 0x9d],
        cursor: [0xa8, 0xa4, 0x9d],
        selection: [0x26, 0x4f, 0x78],
        ansi: [[0x01, 0x01, 0x01], [0xf8, 0xb6, 0x3f], [0x7f, 0xb5, 0xe1], [0xd6, 0xda, 0x25], [0x48, 0x9e, 0x48], [0xb2, 0x96, 0xc6], [0xf5, 0xbf, 0xd7], [0xa8, 0xa4, 0x9d], [0x72, 0x6e, 0x6a], [0xf8, 0xb6, 0x3f], [0x7f, 0xb5, 0xe1], [0xd6, 0xda, 0x25], [0x48, 0x9e, 0x48], [0xb2, 0x96, 0xc6], [0xf5, 0xbf, 0xd7], [0xfe, 0xfb, 0xea]],
    },
    TerminalTheme {
        name: "Highway",
        background: [0x22, 0x22, 0x25],
        foreground: [0xed, 0xed, 0xed],
        cursor: [0xe0, 0xd9, 0xb9],
        selection: [0x26, 0x4f, 0x78],
        ansi: [[0x00, 0x00, 0x00], [0xd0, 0x0e, 0x18], [0x13, 0x80, 0x34], [0xff, 0xcb, 0x3e], [0x00, 0x6b, 0xb3], [0x6b, 0x27, 0x75], [0x38, 0x45, 0x64], [0xed, 0xed, 0xed], [0x5d, 0x50, 0x4a], [0xf0, 0x7e, 0x18], [0xb1, 0xd1, 0x30], [0xff, 0xf1, 0x20], [0x4f, 0xc2, 0xfd], [0xde, 0x00, 0x71], [0x5d, 0x50, 0x4a], [0xff, 0xff, 0xff]],
    },
    TerminalTheme {
        name: "Hipster Green",
        background: [0x10, 0x0b, 0x05],
        foreground: [0x84, 0xc1, 0x38],
        cursor: [0x23, 0xff, 0x18],
        selection: [0x26, 0x4f, 0x78],
        ansi: [[0x00, 0x00, 0x00], [0xb6, 0x21, 0x4a], [0x00, 0xa6, 0x00], [0xbf, 0xbf, 0x00], [0x24, 0x6e, 0xb2], [0xb2, 0x00, 0xb2], [0x00, 0xa6, 0xb2], [0xbf, 0xbf, 0xbf], [0x66, 0x66, 0x66], [0xe5, 0x00, 0x00], [0x86, 0xa9, 0x3e], [0xe5, 0xe5, 0x00], [0x00, 0x00, 0xff], [0xe5, 0x00, 0xe5], [0x00, 0xe5, 0xe5], [0xe5, 0xe5, 0xe5]],
    },
    TerminalTheme {
        name: "Homebrew",
        background: [0x00, 0x00, 0x00],
        foreground: [0x00, 0xff, 0x00],
        cursor: [0x23, 0xff, 0x18],
        selection: [0x26, 0x4f, 0x78],
        ansi: [[0x00, 0x00, 0x00], [0x99, 0x00, 0x00], [0x00, 0xa6, 0x00], [0x99, 0x99, 0x00], [0x00, 0x00, 0xb2], [0xb2, 0x00, 0xb2], [0x00, 0xa6, 0xb2], [0xbf, 0xbf, 0xbf], [0x66, 0x66, 0x66], [0xe5, 0x00, 0x00], [0x00, 0xd9, 0x00], [0xe5, 0xe5, 0x00], [0x00, 0x00, 0xff], [0xe5, 0x00, 0xe5], [0x00, 0xe5, 0xe5], [0xe5, 0xe5, 0xe5]],
    },
    TerminalTheme {
        name: "Hurtado",
        background: [0x00, 0x00, 0x00],
        foreground: [0xdb, 0xdb, 0xdb],
        cursor: [0xbb, 0xbb, 0xbb],
        selection: [0x26, 0x4f, 0x78],
        ansi: [[0x57, 0x57, 0x57], [0xff, 0x1b, 0x00], [0xa5, 0xe0, 0x55], [0xfb, 0xe7, 0x4a], [0x49, 0x64, 0x87], [0xfd, 0x5f, 0xf1], [0x86, 0xe9, 0xfe], [0xcb, 0xcc, 0xcb], [0x26, 0x26, 0x26], [0xd5, 0x1d, 0x00], [0xa5, 0xdf, 0x55], [0xfb, 0xe8, 0x4a], [0x89, 0xbe, 0xff], [0xc0, 0x01, 0xc1], [0x86, 0xea, 0xfe], [0xdb, 0xdb, 0xdb]],
    },
    TerminalTheme {
        name: "Hybrid",
        background: [0x16, 0x17, 0x19],
        foreground: [0xb7, 0xbc, 0xba],
        cursor: [0xb7, 0xbc, 0xba],
        selection: [0x26, 0x4f, 0x78],
        ansi: [[0x2a, 0x2e, 0x33], [0xb8, 0x4d, 0x51], [0xb3, 0xbf, 0x5a], [0xe4, 0xb5, 0x5e], [0x6e, 0x90, 0xb0], [0xa1, 0x7e, 0xac], [0x7f, 0xbf, 0xb4], [0xb5, 0xb9, 0xb6], [0x1d, 0x1f, 0x22], [0x8d, 0x2e, 0x32], [0x79, 0x84, 0x31], [0xe5, 0x8a, 0x50], [0x4b, 0x6b, 0x88], [0x6e, 0x50, 0x79], [0x4d, 0x7b, 0x74], [0x5a, 0x62, 0x6a]],
    },
    TerminalTheme {
        name: "IC_Green_PPL",
        background: [0x3a, 0x3d, 0x3f],
        foreground: [0xd9, 0xef, 0xd3],
        cursor: [0x42, 0xff, 0x58],
        selection: [0x26, 0x4f, 0x78],
        ansi: [[0x1f, 0x1f, 0x1f], [0xfb, 0x00, 0x2a], [0x33, 0x9c, 0x24], [0x65, 0x9b, 0x25], [0x14, 0x9b, 0x45], [0x53, 0xb8, 0x2c], [0x2c, 0xb8, 0x68], [0xe0, 0xff, 0xef], [0x03, 0x27, 0x10], [0xa7, 0xff, 0x3f], [0x9f, 0xff, 0x6d], [0xd2, 0xff, 0x6d], [0x72, 0xff, 0xb5], [0x50, 0xff, 0x3e], [0x22, 0xff, 0x71], [0xda, 0xef, 0xd0]],
    },
    TerminalTheme {
        name: "IC_Orange_PPL",
        background: [0x26, 0x26, 0x26],
        foreground: [0xff, 0xcb, 0x83],
        cursor: [0xfc, 0x53, 0x1d],
        selection: [0x26, 0x4f, 0x78],
        ansi: [[0x00, 0x00, 0x00], [0xc1, 0x39, 0x00], [0xa4, 0xa9, 0x00], [0xca, 0xaf, 0x00], [0xbd, 0x6d, 0x00], [0xfc, 0x5e, 0x00], [0xf7, 0x95, 0x00], [0xff, 0xc8, 0x8a], [0x6a, 0x4f, 0x2a], [0xff, 0x8c, 0x68], [0xf6, 0xff, 0x40], [0xff, 0xe3, 0x6e], [0xff, 0xbe, 0x55], [0xfc, 0x87, 0x4f], [0xc6, 0x97, 0x52], [0xfa, 0xfa, 0xff]],
    },
    TerminalTheme {
        name: "IR_Black",
        background: [0x00, 0x00, 0x00],
        foreground: [0xf1, 0xf1, 0xf1],
        cursor: [0x80, 0x80, 0x80],
        selection: [0x26, 0x4f, 0x78],
        ansi: [[0x4f, 0x4f, 0x4f], [0xfa, 0x6c, 0x60], [0xa8, 0xff, 0x60], [0xff, 0xfe, 0xb7], [0x96, 0xca, 0xfe], [0xfa, 0x73, 0xfd], [0xc6, 0xc5, 0xfe], [0xef, 0xed, 0xef], [0x7b, 0x7b, 0x7b], [0xfc, 0xb6, 0xb0], [0xcf, 0xff, 0xab], [0xff, 0xff, 0xcc], [0xb5, 0xdc, 0xff], [0xfb, 0x9c, 0xfe], [0xe0, 0xe0, 0xfe], [0xff, 0xff, 0xff]],
    },
    TerminalTheme {
        name: "Iceberg",
        background: [0x16, 0x18, 0x21],
        foreground: [0xc6, 0xc8, 0xd1],
        cursor: [0xc6, 0xc8, 0xd1],
        selection: [0x26, 0x4f, 0x78],
        ansi: [[0x1e, 0x21, 0x32], [0xe2, 0x78, 0x78], [0xb4, 0xbe, 0x82], [0xe2, 0xa4, 0x78], [0x84, 0xa0, 0xc6], [0xa0, 0x93, 0xc7], [0x89, 0xb8, 0xc2], [0xc6, 0xc8, 0xd1], [0x6b, 0x70, 0x89], [0xe9, 0x89, 0x89], [0xc0, 0xca, 0x8e], [0xe9, 0xb1, 0x89], [0x91, 0xac, 0xd1], [0xad, 0xa0, 0xd3], [0x95, 0xc4, 0xce], [0xd2, 0xd4, 0xde]],
    },
    TerminalTheme {
        name: "Jackie Brown",
        background: [0x2c, 0x1d, 0x16],
        foreground: [0xff, 0xcc, 0x2f],
        cursor: [0x23, 0xff, 0x18],
        selection: [0x26, 0x4f, 0x78],
        ansi: [[0x2c, 0x1d, 0x16], [0xef, 0x57, 0x34], [0x2b, 0xaf, 0x2b], [0xbe, 0xbf, 0x00], [0x24, 0x6e, 0xb2], [0xd0, 0x5e, 0xc1], [0x00, 0xac, 0xee], [0xbf, 0xbf, 0xbf], [0x66, 0x66, 0x66], [0xe5, 0x00, 0x00], [0x86, 0xa9, 0x3e], [0xe5, 0xe5, 0x00], [0x00, 0x00, 0xff], [0xe5, 0x00, 0xe5], [0x00, 0xe5, 0xe5], [0xe5, 0xe5, 0xe5]],
    },
    TerminalTheme {
        name: "Japanesque",
        background: [0x1e, 0x1e, 0x1e],
        foreground: [0xf7, 0xf6, 0xec],
        cursor: [0xed, 0xcf, 0x4f],
        selection: [0x26, 0x4f, 0x78],
        ansi: [[0x34, 0x39, 0x35], [0xcf, 0x3f, 0x61], [0x7b, 0xb7, 0x5b], [0xe9, 0xb3, 0x2a], [0x4c, 0x9a, 0xd4], [0xa5, 0x7f, 0xc4], [0x38, 0x9a, 0xad], [0xfa, 0xfa, 0xf6], [0x59, 0x5b, 0x59], [0xd1, 0x8f, 0xa6], [0x76, 0x7f, 0x2c], [0x78, 0x59, 0x2f], [0x13, 0x59, 0x79], [0x60, 0x42, 0x91], [0x76, 0xbb, 0xca], [0xb2, 0xb5, 0xae]],
    },
    TerminalTheme {
        name: "Jazz",
        background: [0xf3, 0xf2, 0xf1],
        foreground: [0x3f, 0x3f, 0x3f],
        cursor: [0x9a, 0xcf, 0x9f],
        selection: [0x26, 0x4f, 0x78],
        ansi: [[0x28, 0x2c, 0x34], [0xe0, 0x6c, 0x75], [0x66, 0x8e, 0x3d], [0xc4, 0x90, 0x41], [0x8c, 0x71, 0xbf], [0xc6, 0x78, 0xdd], [0x87, 0x8b, 0x91], [0xab, 0xb2, 0xbf], [0x54, 0x89, 0x62], [0xd1, 0x9a, 0x66], [0x66, 0x8e, 0x3d], [0xc4, 0x90, 0x41], [0x8c, 0x71, 0xbf], [0xc6, 0x78, 0xdd], [0x5e, 0x60, 0x91], [0xf2, 0xf7, 0xff]],
    },
    TerminalTheme {
        name: "Jellybeans",
        background: [0x12, 0x12, 0x12],
        foreground: [0xde, 0xde, 0xde],
        cursor: [0xff, 0xa5, 0x60],
        selection: [0x26, 0x4f, 0x78],
        ansi: [[0x92, 0x92, 0x92], [0xe2, 0x73, 0x73], [0x94, 0xb9, 0x79], [0xff, 0xba, 0x7b], [0x97, 0xbe, 0xdc], [0xe1, 0xc0, 0xfa], [0x00, 0x98, 0x8e], [0xde, 0xde, 0xde], [0xbd, 0xbd, 0xbd], [0xff, 0xa1, 0xa1], [0xbd, 0xde, 0xab], [0xff, 0xdc, 0xa0], [0xb1, 0xd8, 0xf6], [0xfb, 0xda, 0xff], [0x1a, 0xb2, 0xa8], [0xff, 0xff, 0xff]],
    },
    TerminalTheme {
        name: "JetBrains Darcula",
        background: [0x20, 0x20, 0x20],
        foreground: [0xad, 0xad, 0xad],
        cursor: [0xff, 0xff, 0xff],
        selection: [0x26, 0x4f, 0x78],
        ansi: [[0x00, 0x00, 0x00], [0xfa, 0x53, 0x55], [0x12, 0x6e, 0x00], [0xc2, 0xc3, 0x00], [0x45, 0x81, 0xeb], [0xfa, 0x54, 0xff], [0x33, 0xc2, 0xc1], [0xad, 0xad, 0xad], [0x55, 0x55, 0x55], [0xfb, 0x71, 0x72], [0x67, 0xff, 0x4f], [0xff, 0xff, 0x00], [0x6d, 0x9d, 0xf1], [0xfb, 0x82, 0xff], [0x60, 0xd3, 0xd1], [0xee, 0xee, 0xee]],
    },
    TerminalTheme {
        name: "Kibble",
        background: [0x0e, 0x10, 0x0a],
        foreground: [0xf7, 0xf7, 0xf7],
        cursor: [0x9f, 0xda, 0x9c],
        selection: [0x26, 0x4f, 0x78],
        ansi: [[0x4d, 0x4d, 0x4d], [0xc7, 0x00, 0x31], [0x29, 0xcf, 0x13], [0xd8, 0xe3, 0x0e], [0x34, 0x49, 0xd1], [0x84, 0x00, 0xff], [0x07, 0x98, 0xab], [0xe2, 0xd1, 0xe3], [0x5a, 0x5a, 0x5a], [0xf0, 0x15, 0x78], [0x6c, 0xe0, 0x5c], [0xf3, 0xf7, 0x9e], [0x97, 0xa4, 0xf7], [0xc4, 0x95, 0xf0], [0x68, 0xf2, 0xe0], [0xff, 0xff, 0xff]],
    },
    TerminalTheme {
        name: "Later This Evening",
        background: [0x22, 0x22, 0x22],
        foreground: [0x95, 0x95, 0x95],
        cursor: [0x42, 0x42, 0x42],
        selection: [0x26, 0x4f, 0x78],
        ansi: [[0x2b, 0x2b, 0x2b], [0xd4, 0x5a, 0x60], [0xaf, 0xba, 0x67], [0xe5, 0xd2, 0x89], [0xa0, 0xba, 0xd6], [0xc0, 0x92, 0xd6], [0x91, 0xbf, 0xb7], [0x3c, 0x3d, 0x3d], [0x45, 0x47, 0x47], [0xd3, 0x23, 0x2f], [0xaa, 0xbb, 0x39], [0xe5, 0xbe, 0x39], [0x66, 0x99, 0xd6], [0xab, 0x53, 0xd6], [0x5f, 0xc0, 0xae], [0xc1, 0xc2, 0xc2]],
    },
    TerminalTheme {
        name: "Lavandula",
        background: [0x05, 0x00, 0x14],
        foreground: [0x73, 0x6e, 0x7d],
        cursor: [0x8c, 0x91, 0xfa],
        selection: [0x26, 0x4f, 0x78],
        ansi: [[0x23, 0x00, 0x46], [0x7d, 0x16, 0x25], [0x33, 0x7e, 0x6f], [0x7f, 0x6f, 0x49], [0x4f, 0x4a, 0x7f], [0x5a, 0x3f, 0x7f], [0x58, 0x77, 0x7f], [0x73, 0x6e, 0x7d], [0x37, 0x2d, 0x46], [0xe0, 0x51, 0x67], [0x52, 0xe0, 0xc4], [0xe0, 0xc3, 0x86], [0x8e, 0x87, 0xe0], [0xa7, 0x76, 0xe0], [0x9a, 0xd4, 0xe0], [0x8c, 0x91, 0xfa]],
    },
    TerminalTheme {
        name: "Light Owl",
        background: [0xfb, 0xfb, 0xfb],
        foreground: [0x40, 0x3f, 0x53],
        cursor: [0x90, 0xa7, 0xb2],
        selection: [0x26, 0x4f, 0x78],
        ansi: [[0x40, 0x3f, 0x53], [0xde, 0x3d, 0x3b], [0x08, 0x91, 0x6a], [0xe0, 0xaf, 0x02], [0x28, 0x8e, 0xd7], [0xd6, 0x43, 0x8a], [0x2a, 0xa2, 0x98], [0xf0, 0xf0, 0xf0], [0x40, 0x3f, 0x53], [0xde, 0x3d, 0x3b], [0x08, 0x91, 0x6a], [0xda, 0xaa, 0x01], [0x28, 0x8e, 0xd7], [0xd6, 0x43, 0x8a], [0x2a, 0xa2, 0x98], [0x97, 0x97, 0x97]],
    },
    TerminalTheme {
        name: "LiquidCarbon",
        background: [0x30, 0x30, 0x30],
        foreground: [0xaf, 0xc2, 0xc2],
        cursor: [0xff, 0xff, 0xff],
        selection: [0x26, 0x4f, 0x78],
        ansi: [[0x00, 0x00, 0x00], [0xff, 0x30, 0x30], [0x55, 0x9a, 0x70], [0xcc, 0xac, 0x00], [0x00, 0x99, 0xcc], [0xcc, 0x69, 0xc8], [0x7a, 0xc4, 0xcc], [0xbc, 0xcc, 0xcc], [0x00, 0x00, 0x00], [0xff, 0x30, 0x30], [0x55, 0x9a, 0x70], [0xcc, 0xac, 0x00], [0x00, 0x99, 0xcc], [0xcc, 0x69, 0xc8], [0x7a, 0xc4, 0xcc], [0xbc, 0xcc, 0xcc]],
    },
    TerminalTheme {
        name: "LiquidCarbonTransparent",
        background: [0x00, 0x00, 0x00],
        foreground: [0xaf, 0xc2, 0xc2],
        cursor: [0xff, 0xff, 0xff],
        selection: [0x26, 0x4f, 0x78],
        ansi: [[0x00, 0x00, 0x00], [0xff, 0x30, 0x30], [0x55, 0x9a, 0x70], [0xcc, 0xac, 0x00], [0x00, 0x99, 0xcc], [0xcc, 0x69, 0xc8], [0x7a, 0xc4, 0xcc], [0xbc, 0xcc, 0xcc], [0x00, 0x00, 0x00], [0xff, 0x30, 0x30], [0x55, 0x9a, 0x70], [0xcc, 0xac, 0x00], [0x00, 0x99, 0xcc], [0xcc, 0x69, 0xc8], [0x7a, 0xc4, 0xcc], [0xbc, 0xcc, 0xcc]],
    },
    TerminalTheme {
        name: "LiquidCarbonTransparentInverse",
        background: [0x00, 0x00, 0x00],
        foreground: [0xaf, 0xc2, 0xc2],
        cursor: [0xff, 0xff, 0xff],
        selection: [0x26, 0x4f, 0x78],
        ansi: [[0xbc, 0xcc, 0xcd], [0xff, 0x30, 0x30], [0x55, 0x9a, 0x70], [0xcc, 0xac, 0x00], [0x00, 0x99, 0xcc], [0xcc, 0x69, 0xc8], [0x7a, 0xc4, 0xcc], [0x00, 0x00, 0x00], [0xff, 0xff, 0xff], [0xff, 0x30, 0x30], [0x55, 0x9a, 0x70], [0xcc, 0xac, 0x00], [0x00, 0x99, 0xcc], [0xcc, 0x69, 0xc8], [0x7a, 0xc4, 0xcc], [0x00, 0x00, 0x00]],
    },
    TerminalTheme {
        name: "Man Page",
        background: [0xfe, 0xf4, 0x9c],
        foreground: [0x00, 0x00, 0x00],
        cursor: [0x7f, 0x7f, 0x7f],
        selection: [0x26, 0x4f, 0x78],
        ansi: [[0x00, 0x00, 0x00], [0xcc, 0x00, 0x00], [0x00, 0xa6, 0x00], [0x99, 0x99, 0x00], [0x00, 0x00, 0xb2], [0xb2, 0x00, 0xb2], [0x00, 0xa6, 0xb2], [0xcc, 0xcc, 0xcc], [0x66, 0x66, 0x66], [0xe5, 0x00, 0x00], [0x00, 0xd9, 0x00], [0xe5, 0xe5, 0x00], [0x00, 0x00, 0xff], [0xe5, 0x00, 0xe5], [0x00, 0xe5, 0xe5], [0xe5, 0xe5, 0xe5]],
    },
    TerminalTheme {
        name: "Material",
        background: [0xea, 0xea, 0xea],
        foreground: [0x23, 0x23, 0x22],
        cursor: [0x16, 0xaf, 0xca],
        selection: [0x26, 0x4f, 0x78],
        ansi: [[0x21, 0x21, 0x21], [0xb7, 0x14, 0x1f], [0x45, 0x7b, 0x24], [0xf6, 0x98, 0x1e], [0x13, 0x4e, 0xb2], [0x56, 0x00, 0x88], [0x0e, 0x71, 0x7c], [0xef, 0xef, 0xef], [0x42, 0x42, 0x42], [0xe8, 0x3b, 0x3f], [0x7a, 0xba, 0x3a], [0xff, 0xea, 0x2e], [0x54, 0xa4, 0xf3], [0xaa, 0x4d, 0xbc], [0x26, 0xbb, 0xd1], [0xd9, 0xd9, 0xd9]],
    },
    TerminalTheme {
        name: "MaterialDark",
        background: [0x23, 0x23, 0x22],
        foreground: [0xe5, 0xe5, 0xe5],
        cursor: [0x16, 0xaf, 0xca],
        selection: [0x26, 0x4f, 0x78],
        ansi: [[0x21, 0x21, 0x21], [0xb7, 0x14, 0x1f], [0x45, 0x7b, 0x24], [0xf6, 0x98, 0x1e], [0x13, 0x4e, 0xb2], [0x56, 0x00, 0x88], [0x0e, 0x71, 0x7c], [0xef, 0xef, 0xef], [0x42, 0x42, 0x42], [0xe8, 0x3b, 0x3f], [0x7a, 0xba, 0x3a], [0xff, 0xea, 0x2e], [0x54, 0xa4, 0xf3], [0xaa, 0x4d, 0xbc], [0x26, 0xbb, 0xd1], [0xd9, 0xd9, 0xd9]],
    },
    TerminalTheme {
        name: "Mathias",
        background: [0x00, 0x00, 0x00],
        foreground: [0xbb, 0xbb, 0xbb],
        cursor: [0xbb, 0xbb, 0xbb],
        selection: [0x26, 0x4f, 0x78],
        ansi: [[0x00, 0x00, 0x00], [0xe5, 0x22, 0x22], [0xa6, 0xe3, 0x2d], [0xfc, 0x95, 0x1e], [0xc4, 0x8d, 0xff], [0xfa, 0x25, 0x73], [0x67, 0xd9, 0xf0], [0xf2, 0xf2, 0xf2], [0x55, 0x55, 0x55], [0xff, 0x55, 0x55], [0x55, 0xff, 0x55], [0xff, 0xff, 0x55], [0x55, 0x55, 0xff], [0xff, 0x55, 0xff], [0x55, 0xff, 0xff], [0xff, 0xff, 0xff]],
    },
    TerminalTheme {
        name: "Medallion",
        background: [0x1d, 0x19, 0x08],
        foreground: [0xca, 0xc2, 0x96],
        cursor: [0xd3, 0xba, 0x30],
        selection: [0x26, 0x4f, 0x78],
        ansi: [[0x00, 0x00, 0x00], [0xb6, 0x4c, 0x00], [0x7c, 0x8b, 0x16], [0xd3, 0xbd, 0x26], [0x61, 0x6b, 0xb0], [0x8c, 0x5a, 0x90], [0x91, 0x6c, 0x25], [0xca, 0xc2, 0x9a], [0x5e, 0x52, 0x19], [0xff, 0x91, 0x49], [0xb2, 0xca, 0x3b], [0xff, 0xe5, 0x4a], [0xac, 0xb8, 0xff], [0xff, 0xa0, 0xff], [0xff, 0xbc, 0x51], [0xfe, 0xd6, 0x98]],
    },
    TerminalTheme {
        name: "Misterioso",
        background: [0x2d, 0x37, 0x43],
        foreground: [0xe1, 0xe1, 0xe0],
        cursor: [0x00, 0x00, 0x00],
        selection: [0x26, 0x4f, 0x78],
        ansi: [[0x00, 0x00, 0x00], [0xff, 0x42, 0x42], [0x74, 0xaf, 0x68], [0xff, 0xad, 0x29], [0x33, 0x8f, 0x86], [0x94, 0x14, 0xe6], [0x23, 0xd7, 0xd7], [0xe1, 0xe1, 0xe0], [0x55, 0x55, 0x55], [0xff, 0x32, 0x42], [0x74, 0xcd, 0x68], [0xff, 0xb9, 0x29], [0x23, 0xd7, 0xd7], [0xff, 0x37, 0xff], [0x00, 0xed, 0xe1], [0xff, 0xff, 0xff]],
    },
    TerminalTheme {
        name: "Molokai",
        background: [0x12, 0x12, 0x12],
        foreground: [0xbb, 0xbb, 0xbb],
        cursor: [0xbb, 0xbb, 0xbb],
        selection: [0x26, 0x4f, 0x78],
        ansi: [[0x12, 0x12, 0x12], [0xfa, 0x25, 0x73], [0x98, 0xe1, 0x23], [0xdf, 0xd4, 0x60], [0x10, 0x80, 0xd0], [0x87, 0x00, 0xff], [0x43, 0xa8, 0xd0], [0xbb, 0xbb, 0xbb], [0x55, 0x55, 0x55], [0xf6, 0x66, 0x9d], [0xb1, 0xe0, 0x5f], [0xff, 0xf2, 0x6d], [0x00, 0xaf, 0xff], [0xaf, 0x87, 0xff], [0x51, 0xce, 0xff], [0xff, 0xff, 0xff]],
    },
    TerminalTheme {
        name: "MonaLisa",
        background: [0x12, 0x0b, 0x0d],
        foreground: [0xf7, 0xd6, 0x6a],
        cursor: [0xc4, 0x6c, 0x32],
        selection: [0x26, 0x4f, 0x78],
        ansi: [[0x35, 0x1b, 0x0e], [0x9b, 0x29, 0x1c], [0x63, 0x62, 0x32], [0xc3, 0x6e, 0x28], [0x51, 0x5c, 0x5d], [0x9b, 0x1d, 0x29], [0x58, 0x80, 0x56], [0xf7, 0xd7, 0x5c], [0x87, 0x42, 0x28], [0xff, 0x43, 0x31], [0xb4, 0xb2, 0x64], [0xff, 0x95, 0x66], [0x9e, 0xb2, 0xb4], [0xff, 0x5b, 0x6a], [0x8a, 0xcd, 0x8f], [0xff, 0xe5, 0x98]],
    },
    TerminalTheme {
        name: "Monokai Soda",
        background: [0x1a, 0x1a, 0x1a],
        foreground: [0xc4, 0xc5, 0xb5],
        cursor: [0xf6, 0xf7, 0xec],
        selection: [0x26, 0x4f, 0x78],
        ansi: [[0x1a, 0x1a, 0x1a], [0xf4, 0x00, 0x5f], [0x98, 0xe0, 0x24], [0xfa, 0x84, 0x19], [0x9d, 0x65, 0xff], [0xf4, 0x00, 0x5f], [0x58, 0xd1, 0xeb], [0xc4, 0xc5, 0xb5], [0x62, 0x5e, 0x4c], [0xf4, 0x00, 0x5f], [0x98, 0xe0, 0x24], [0xe0, 0xd5, 0x61], [0x9d, 0x65, 0xff], [0xf4, 0x00, 0x5f], [0x58, 0xd1, 0xeb], [0xf6, 0xf6, 0xef]],
    },
    TerminalTheme {
        name: "Monokai Vivid",
        background: [0x12, 0x12, 0x12],
        foreground: [0xf9, 0xf9, 0xf9],
        cursor: [0xfb, 0x00, 0x07],
        selection: [0x26, 0x4f, 0x78],
        ansi: [[0x12, 0x12, 0x12], [0xfa, 0x29, 0x34], [0x98, 0xe1, 0x23], [0xff, 0xf3, 0x0a], [0x04, 0x43, 0xff], [0xf8, 0x00, 0xf8], [0x01, 0xb6, 0xed], [0xff, 0xff, 0xff], [0x83, 0x83, 0x83], [0xf6, 0x66, 0x9d], [0xb1, 0xe0, 0x5f], [0xff, 0xf2, 0x6d], [0x04, 0x43, 0xff], [0xf2, 0x00, 0xf6], [0x51, 0xce, 0xff], [0xff, 0xff, 0xff]],
    },
    TerminalTheme {
        name: "N0tch2k",
        background: [0x22, 0x22, 0x22],
        foreground: [0xa0, 0xa0, 0xa0],
        cursor: [0xaa, 0x91, 0x75],
        selection: [0x26, 0x4f, 0x78],
        ansi: [[0x38, 0x38, 0x38], [0xa9, 0x55, 0x51], [0x66, 0x66, 0x66], [0xa9, 0x80, 0x51], [0x65, 0x7d, 0x3e], [0x76, 0x76, 0x76], [0xc9, 0xc9, 0xc9], [0xd0, 0xb8, 0xa3], [0x47, 0x47, 0x47], [0xa9, 0x77, 0x75], [0x8c, 0x8c, 0x8c], [0xa9, 0x91, 0x75], [0x98, 0xbd, 0x5e], [0xa3, 0xa3, 0xa3], [0xdc, 0xdc, 0xdc], [0xd8, 0xc8, 0xbb]],
    },
    TerminalTheme {
        name: "Neopolitan",
        background: [0x27, 0x1f, 0x19],
        foreground: [0xff, 0xff, 0xff],
        cursor: [0xff, 0xff, 0xff],
        selection: [0x26, 0x4f, 0x78],
        ansi: [[0x00, 0x00, 0x00], [0x80, 0x00, 0x00], [0x61, 0xce, 0x3c], [0xfb, 0xde, 0x2d], [0x25, 0x3b, 0x76], [0xff, 0x00, 0x80], [0x8d, 0xa6, 0xce], [0xf8, 0xf8, 0xf8], [0x00, 0x00, 0x00], [0x80, 0x00, 0x00], [0x61, 0xce, 0x3c], [0xfb, 0xde, 0x2d], [0x25, 0x3b, 0x76], [0xff, 0x00, 0x80], [0x8d, 0xa6, 0xce], [0xf8, 0xf8, 0xf8]],
    },
    TerminalTheme {
        name: "Neutron",
        background: [0x1c, 0x1e, 0x22],
        foreground: [0xe6, 0xe8, 0xef],
        cursor: [0xf6, 0xf7, 0xec],
        selection: [0x26, 0x4f, 0x78],
        ansi: [[0x23, 0x25, 0x2b], [0xb5, 0x40, 0x36], [0x5a, 0xb9, 0x77], [0xde, 0xb5, 0x66], [0x6a, 0x7c, 0x93], [0xa4, 0x79, 0x9d], [0x3f, 0x94, 0xa8], [0xe6, 0xe8, 0xef], [0x23, 0x25, 0x2b], [0xb5, 0x40, 0x36], [0x5a, 0xb9, 0x77], [0xde, 0xb5, 0x66], [0x6a, 0x7c, 0x93], [0xa4, 0x79, 0x9d], [0x3f, 0x94, 0xa8], [0xeb, 0xed, 0xf2]],
    },
    TerminalTheme {
        name: "Night Owl",
        background: [0x01, 0x16, 0x27],
        foreground: [0xd6, 0xde, 0xeb],
        cursor: [0x80, 0xa4, 0xc2],
        selection: [0x26, 0x4f, 0x78],
        ansi: [[0x01, 0x16, 0x27], [0xef, 0x53, 0x50], [0x22, 0xda, 0x6e], [0xad, 0xdb, 0x67], [0x82, 0xaa, 0xff], [0xc7, 0x92, 0xea], [0x21, 0xc7, 0xa8], [0xff, 0xff, 0xff], [0x96, 0x96, 0x96], [0xef, 0x53, 0x50], [0x22, 0xda, 0x6e], [0xff, 0xeb, 0x95], [0x82, 0xaa, 0xff], [0xc7, 0x92, 0xea], [0x7f, 0xdb, 0xca], [0xff, 0xff, 0xff]],
    },
    TerminalTheme {
        name: "NightLion v1",
        background: [0x00, 0x00, 0x00],
        foreground: [0xbb, 0xbb, 0xbb],
        cursor: [0xbb, 0xbb, 0xbb],
        selection: [0x26, 0x4f, 0x78],
        ansi: [[0x4c, 0x4c, 0x4c], [0xbb, 0x00, 0x00], [0x5f, 0xde, 0x8f], [0xf3, 0xf1, 0x67], [0x27, 0x6b, 0xd8], [0xbb, 0x00, 0xbb], [0x00, 0xda, 0xdf], [0xbb, 0xbb, 0xbb], [0x55, 0x55, 0x55], [0xff, 0x55, 0x55], [0x55, 0xff, 0x55], [0xff, 0xff, 0x55], [0x55, 0x55, 0xff], [0xff, 0x55, 0xff], [0x55, 0xff, 0xff], [0xff, 0xff, 0xff]],
    },
    TerminalTheme {
        name: "NightLion v2",
        background: [0x17, 0x17, 0x17],
        foreground: [0xbb, 0xbb, 0xbb],
        cursor: [0xbb, 0xbb, 0xbb],
        selection: [0x26, 0x4f, 0x78],
        ansi: [[0x4c, 0x4c, 0x4c], [0xbb, 0x00, 0x00], [0x04, 0xf6, 0x23], [0xf3, 0xf1, 0x67], [0x64, 0xd0, 0xf0], [0xce, 0x6f, 0xdb], [0x00, 0xda, 0xdf], [0xbb, 0xbb, 0xbb], [0x55, 0x55, 0x55], [0xff, 0x55, 0x55], [0x7d, 0xf7, 0x1d], [0xff, 0xff, 0x55], [0x62, 0xcb, 0xe8], [0xff, 0x9b, 0xf5], [0x00, 0xcc, 0xd8], [0xff, 0xff, 0xff]],
    },
    TerminalTheme {
        name: "Nord",
        background: [0x2e, 0x34, 0x40],
        foreground: [0xd8, 0xde, 0xe9],
        cursor: [0xd8, 0xde, 0xe9],
        selection: [0x26, 0x4f, 0x78],
        ansi: [[0x3b, 0x42, 0x52], [0xbf, 0x61, 0x6a], [0xa3, 0xbe, 0x8c], [0xeb, 0xcb, 0x8b], [0x81, 0xa1, 0xc1], [0xb4, 0x8e, 0xad], [0x88, 0xc0, 0xd0], [0xe5, 0xe9, 0xf0], [0x37, 0x3e, 0x4d], [0x94, 0x54, 0x5d], [0x80, 0x95, 0x75], [0xb2, 0x9e, 0x75], [0x68, 0x80, 0x9a], [0x8c, 0x73, 0x8c], [0x6d, 0x96, 0xa5], [0xae, 0xb3, 0xbb]],
    },
    TerminalTheme {
        name: "Novel",
        background: [0xdf, 0xdb, 0xc3],
        foreground: [0x3b, 0x23, 0x22],
        cursor: [0x73, 0x63, 0x5a],
        selection: [0x26, 0x4f, 0x78],
        ansi: [[0x00, 0x00, 0x00], [0xcc, 0x00, 0x00], [0x00, 0x96, 0x00], [0xd0, 0x6b, 0x00], [0x00, 0x00, 0xcc], [0xcc, 0x00, 0xcc], [0x00, 0x87, 0xcc], [0xcc, 0xcc, 0xcc], [0x80, 0x80, 0x80], [0xcc, 0x00, 0x00], [0x00, 0x96, 0x00], [0xd0, 0x6b, 0x00], [0x00, 0x00, 0xcc], [0xcc, 0x00, 0xcc], [0x00, 0x87, 0xcc], [0xff, 0xff, 0xff]],
    },
    TerminalTheme {
        name: "Obsidian",
        background: [0x28, 0x30, 0x33],
        foreground: [0xcd, 0xcd, 0xcd],
        cursor: [0xc0, 0xca, 0xd0],
        selection: [0x26, 0x4f, 0x78],
        ansi: [[0x00, 0x00, 0x00], [0xa6, 0x00, 0x01], [0x00, 0xbb, 0x00], [0xfe, 0xcd, 0x22], [0x3a, 0x9b, 0xdb], [0xbb, 0x00, 0xbb], [0x00, 0xbb, 0xbb], [0xbb, 0xbb, 0xbb], [0x55, 0x55, 0x55], [0xff, 0x00, 0x03], [0x93, 0xc8, 0x63], [0xfe, 0xf8, 0x74], [0xa1, 0xd7, 0xff], [0xff, 0x55, 0xff], [0x55, 0xff, 0xff], [0xff, 0xff, 0xff]],
    },
    TerminalTheme {
        name: "Ocean",
        background: [0x22, 0x4f, 0xbc],
        foreground: [0xff, 0xff, 0xff],
        cursor: [0x7f, 0x7f, 0x7f],
        selection: [0x26, 0x4f, 0x78],
        ansi: [[0x00, 0x00, 0x00], [0x99, 0x00, 0x00], [0x00, 0xa6, 0x00], [0x99, 0x99, 0x00], [0x00, 0x00, 0xb2], [0xb2, 0x00, 0xb2], [0x00, 0xa6, 0xb2], [0xbf, 0xbf, 0xbf], [0x66, 0x66, 0x66], [0xe5, 0x00, 0x00], [0x00, 0xd9, 0x00], [0xe5, 0xe5, 0x00], [0x00, 0x00, 0xff], [0xe5, 0x00, 0xe5], [0x00, 0xe5, 0xe5], [0xe5, 0xe5, 0xe5]],
    },
    TerminalTheme {
        name: "OceanicMaterial",
        background: [0x1c, 0x26, 0x2b],
        foreground: [0xc2, 0xc8, 0xd7],
        cursor: [0xb3, 0xb8, 0xc3],
        selection: [0x26, 0x4f, 0x78],
        ansi: [[0x00, 0x00, 0x00], [0xee, 0x2b, 0x2a], [0x40, 0xa3, 0x3f], [0xff, 0xea, 0x2e], [0x1e, 0x80, 0xf0], [0x88, 0x00, 0xa0], [0x16, 0xaf, 0xca], [0xa4, 0xa4, 0xa4], [0x77, 0x77, 0x77], [0xdc, 0x5c, 0x60], [0x70, 0xbe, 0x71], [0xff, 0xf1, 0x63], [0x54, 0xa4, 0xf3], [0xaa, 0x4d, 0xbc], [0x42, 0xc7, 0xda], [0xff, 0xff, 0xff]],
    },
    TerminalTheme {
        name: "Ollie",
        background: [0x22, 0x21, 0x25],
        foreground: [0x8a, 0x8d, 0xae],
        cursor: [0x5b, 0x6e, 0xa7],
        selection: [0x26, 0x4f, 0x78],
        ansi: [[0x00, 0x00, 0x00], [0xac, 0x2e, 0x31], [0x31, 0xac, 0x61], [0xac, 0x43, 0x00], [0x2d, 0x57, 0xac], [0xb0, 0x85, 0x28], [0x1f, 0xa6, 0xac], [0x8a, 0x8e, 0xac], [0x5b, 0x37, 0x25], [0xff, 0x3d, 0x48], [0x3b, 0xff, 0x99], [0xff, 0x5e, 0x1e], [0x44, 0x88, 0xff], [0xff, 0xc2, 0x1d], [0x1f, 0xfa, 0xff], [0x5b, 0x6e, 0xa7]],
    },
    TerminalTheme {
        name: "OneHalfDark",
        background: [0x28, 0x2c, 0x34],
        foreground: [0xdc, 0xdf, 0xe4],
        cursor: [0xa3, 0xb3, 0xcc],
        selection: [0x26, 0x4f, 0x78],
        ansi: [[0x28, 0x2c, 0x34], [0xe0, 0x6c, 0x75], [0x98, 0xc3, 0x79], [0xe5, 0xc0, 0x7b], [0x61, 0xaf, 0xef], [0xc6, 0x78, 0xdd], [0x56, 0xb6, 0xc2], [0xdc, 0xdf, 0xe4], [0x28, 0x2c, 0x34], [0xe0, 0x6c, 0x75], [0x98, 0xc3, 0x79], [0xe5, 0xc0, 0x7b], [0x61, 0xaf, 0xef], [0xc6, 0x78, 0xdd], [0x56, 0xb6, 0xc2], [0xdc, 0xdf, 0xe4]],
    },
    TerminalTheme {
        name: "OneHalfLight",
        background: [0xfa, 0xfa, 0xfa],
        foreground: [0x38, 0x3a, 0x42],
        cursor: [0xbf, 0xce, 0xff],
        selection: [0x26, 0x4f, 0x78],
        ansi: [[0x38, 0x3a, 0x42], [0xe4, 0x56, 0x49], [0x50, 0xa1, 0x4f], [0xc1, 0x84, 0x01], [0x01, 0x84, 0xbc], [0xa6, 0x26, 0xa4], [0x09, 0x97, 0xb3], [0xfa, 0xfa, 0xfa], [0x4f, 0x52, 0x5e], [0xe0, 0x6c, 0x75], [0x98, 0xc3, 0x79], [0xe5, 0xc0, 0x7b], [0x61, 0xaf, 0xef], [0xc6, 0x78, 0xdd], [0x56, 0xb6, 0xc2], [0xff, 0xff, 0xff]],
    },
    TerminalTheme {
        name: "Pandora",
        background: [0x14, 0x1e, 0x43],
        foreground: [0xe1, 0xe1, 0xe1],
        cursor: [0x43, 0xd5, 0x8e],
        selection: [0x26, 0x4f, 0x78],
        ansi: [[0x00, 0x00, 0x00], [0xff, 0x42, 0x42], [0x74, 0xaf, 0x68], [0xff, 0xad, 0x29], [0x33, 0x8f, 0x86], [0x94, 0x14, 0xe6], [0x23, 0xd7, 0xd7], [0xe2, 0xe2, 0xe2], [0x3f, 0x56, 0x48], [0xff, 0x32, 0x42], [0x74, 0xcd, 0x68], [0xff, 0xb9, 0x29], [0x23, 0xd7, 0xd7], [0xff, 0x37, 0xff], [0x00, 0xed, 0xe1], [0xff, 0xff, 0xff]],
    },
    TerminalTheme {
        name: "Paraiso Dark",
        background: [0x2f, 0x1e, 0x2e],
        foreground: [0xa3, 0x9e, 0x9b],
        cursor: [0xa3, 0x9e, 0x9b],
        selection: [0x26, 0x4f, 0x78],
        ansi: [[0x2f, 0x1e, 0x2e], [0xef, 0x61, 0x55], [0x48, 0xb6, 0x85], [0xfe, 0xc4, 0x18], [0x06, 0xb6, 0xef], [0x81, 0x5b, 0xa4], [0x5b, 0xc4, 0xbf], [0xa3, 0x9e, 0x9b], [0x77, 0x6e, 0x71], [0xef, 0x61, 0x55], [0x48, 0xb6, 0x85], [0xfe, 0xc4, 0x18], [0x06, 0xb6, 0xef], [0x81, 0x5b, 0xa4], [0x5b, 0xc4, 0xbf], [0xe7, 0xe9, 0xdb]],
    },
    TerminalTheme {
        name: "Parasio Dark",
        background: [0x2f, 0x1e, 0x2e],
        foreground: [0xa3, 0x9e, 0x9b],
        cursor: [0xa3, 0x9e, 0x9b],
        selection: [0x26, 0x4f, 0x78],
        ansi: [[0x2f, 0x1e, 0x2e], [0xef, 0x61, 0x55], [0x48, 0xb6, 0x85], [0xfe, 0xc4, 0x18], [0x06, 0xb6, 0xef], [0x81, 0x5b, 0xa4], [0x5b, 0xc4, 0xbf], [0xa3, 0x9e, 0x9b], [0x77, 0x6e, 0x71], [0xef, 0x61, 0x55], [0x48, 0xb6, 0x85], [0xfe, 0xc4, 0x18], [0x06, 0xb6, 0xef], [0x81, 0x5b, 0xa4], [0x5b, 0xc4, 0xbf], [0xe7, 0xe9, 0xdb]],
    },
    TerminalTheme {
        name: "PaulMillr",
        background: [0x00, 0x00, 0x00],
        foreground: [0xf2, 0xf2, 0xf2],
        cursor: [0x4d, 0x4d, 0x4d],
        selection: [0x26, 0x4f, 0x78],
        ansi: [[0x2a, 0x2a, 0x2a], [0xff, 0x00, 0x00], [0x79, 0xff, 0x0f], [0xe7, 0xbf, 0x00], [0x39, 0x6b, 0xd7], [0xb4, 0x49, 0xbe], [0x66, 0xcc, 0xff], [0xbb, 0xbb, 0xbb], [0x66, 0x66, 0x66], [0xff, 0x00, 0x80], [0x66, 0xff, 0x66], [0xf3, 0xd6, 0x4e], [0x70, 0x9a, 0xed], [0xdb, 0x67, 0xe6], [0x7a, 0xdf, 0xf2], [0xff, 0xff, 0xff]],
    },
    TerminalTheme {
        name: "PencilDark",
        background: [0x21, 0x21, 0x21],
        foreground: [0xf1, 0xf1, 0xf1],
        cursor: [0x20, 0xbb, 0xfc],
        selection: [0x26, 0x4f, 0x78],
        ansi: [[0x21, 0x21, 0x21], [0xc3, 0x07, 0x71], [0x10, 0xa7, 0x78], [0xa8, 0x9c, 0x14], [0x00, 0x8e, 0xc4], [0x52, 0x3c, 0x79], [0x20, 0xa5, 0xba], [0xd9, 0xd9, 0xd9], [0x42, 0x42, 0x42], [0xfb, 0x00, 0x7a], [0x5f, 0xd7, 0xaf], [0xf3, 0xe4, 0x30], [0x20, 0xbb, 0xfc], [0x68, 0x55, 0xde], [0x4f, 0xb8, 0xcc], [0xf1, 0xf1, 0xf1]],
    },
    TerminalTheme {
        name: "PencilLight",
        background: [0xf1, 0xf1, 0xf1],
        foreground: [0x42, 0x42, 0x42],
        cursor: [0x20, 0xbb, 0xfc],
        selection: [0x26, 0x4f, 0x78],
        ansi: [[0x21, 0x21, 0x21], [0xc3, 0x07, 0x71], [0x10, 0xa7, 0x78], [0xa8, 0x9c, 0x14], [0x00, 0x8e, 0xc4], [0x52, 0x3c, 0x79], [0x20, 0xa5, 0xba], [0xd9, 0xd9, 0xd9], [0x42, 0x42, 0x42], [0xfb, 0x00, 0x7a], [0x5f, 0xd7, 0xaf], [0xf3, 0xe4, 0x30], [0x20, 0xbb, 0xfc], [0x68, 0x55, 0xde], [0x4f, 0xb8, 0xcc], [0xf1, 0xf1, 0xf1]],
    },
    TerminalTheme {
        name: "Piatto Light",
        background: [0xff, 0xff, 0xff],
        foreground: [0x41, 0x41, 0x41],
        cursor: [0x5e, 0x77, 0xc8],
        selection: [0x26, 0x4f, 0x78],
        ansi: [[0x41, 0x41, 0x41], [0xb2, 0x37, 0x71], [0x66, 0x78, 0x1e], [0xcd, 0x6f, 0x34], [0x3c, 0x5e, 0xa8], [0xa4, 0x54, 0xb2], [0x66, 0x78, 0x1e], [0xff, 0xff, 0xff], [0x3f, 0x3f, 0x3f], [0xdb, 0x33, 0x65], [0x82, 0x94, 0x29], [0xcd, 0x6f, 0x34], [0x3c, 0x5e, 0xa8], [0xa4, 0x54, 0xb2], [0x82, 0x94, 0x29], [0xf2, 0xf2, 0xf2]],
    },
    TerminalTheme {
        name: "Pnevma",
        background: [0x1c, 0x1c, 0x1c],
        foreground: [0xd0, 0xd0, 0xd0],
        cursor: [0xe4, 0xc9, 0xaf],
        selection: [0x26, 0x4f, 0x78],
        ansi: [[0x2f, 0x2e, 0x2d], [0xa3, 0x66, 0x66], [0x90, 0xa5, 0x7d], [0xd7, 0xaf, 0x87], [0x7f, 0xa5, 0xbd], [0xc7, 0x9e, 0xc4], [0x8a, 0xdb, 0xb4], [0xd0, 0xd0, 0xd0], [0x4a, 0x48, 0x45], [0xd7, 0x87, 0x87], [0xaf, 0xbe, 0xa2], [0xe4, 0xc9, 0xaf], [0xa1, 0xbd, 0xce], [0xd7, 0xbe, 0xda], [0xb1, 0xe7, 0xdd], [0xef, 0xef, 0xef]],
    },
    TerminalTheme {
        name: "Pro",
        background: [0x00, 0x00, 0x00],
        foreground: [0xf2, 0xf2, 0xf2],
        cursor: [0x4d, 0x4d, 0x4d],
        selection: [0x26, 0x4f, 0x78],
        ansi: [[0x00, 0x00, 0x00], [0x99, 0x00, 0x00], [0x00, 0xa6, 0x00], [0x99, 0x99, 0x00], [0x20, 0x09, 0xdb], [0xb2, 0x00, 0xb2], [0x00, 0xa6, 0xb2], [0xbf, 0xbf, 0xbf], [0x66, 0x66, 0x66], [0xe5, 0x00, 0x00], [0x00, 0xd9, 0x00], [0xe5, 0xe5, 0x00], [0x00, 0x00, 0xff], [0xe5, 0x00, 0xe5], [0x00, 0xe5, 0xe5], [0xe5, 0xe5, 0xe5]],
    },
    TerminalTheme {
        name: "Red Alert",
        background: [0x76, 0x24, 0x23],
        foreground: [0xff, 0xff, 0xff],
        cursor: [0xff, 0xff, 0xff],
        selection: [0x26, 0x4f, 0x78],
        ansi: [[0x00, 0x00, 0x00], [0xd6, 0x2e, 0x4e], [0x71, 0xbe, 0x6b], [0xbe, 0xb8, 0x6b], [0x48, 0x9b, 0xee], [0xe9, 0x79, 0xd7], [0x6b, 0xbe, 0xb8], [0xd6, 0xd6, 0xd6], [0x26, 0x26, 0x26], [0xe0, 0x25, 0x53], [0xaf, 0xf0, 0x8c], [0xdf, 0xdd, 0xb7], [0x65, 0xaa, 0xf1], [0xdd, 0xb7, 0xdf], [0xb7, 0xdf, 0xdd], [0xff, 0xff, 0xff]],
    },
    TerminalTheme {
        name: "Red Sands",
        background: [0x7a, 0x25, 0x1e],
        foreground: [0xd7, 0xc9, 0xa7],
        cursor: [0xff, 0xff, 0xff],
        selection: [0x26, 0x4f, 0x78],
        ansi: [[0x00, 0x00, 0x00], [0xff, 0x3f, 0x00], [0x00, 0xbb, 0x00], [0xe7, 0xb0, 0x00], [0x00, 0x72, 0xff], [0xbb, 0x00, 0xbb], [0x00, 0xbb, 0xbb], [0xbb, 0xbb, 0xbb], [0x55, 0x55, 0x55], [0xbb, 0x00, 0x00], [0x00, 0xbb, 0x00], [0xe7, 0xb0, 0x00], [0x00, 0x72, 0xae], [0xff, 0x55, 0xff], [0x55, 0xff, 0xff], [0xff, 0xff, 0xff]],
    },
    TerminalTheme {
        name: "Relaxed",
        background: [0x34, 0x3a, 0x43],
        foreground: [0xd8, 0xd8, 0xd8],
        cursor: [0xd8, 0xd8, 0xd8],
        selection: [0x26, 0x4f, 0x78],
        ansi: [[0x2c, 0x30, 0x37], [0xbb, 0x56, 0x53], [0x90, 0x9d, 0x62], [0xea, 0xc1, 0x79], [0x69, 0x86, 0x98], [0xb0, 0x65, 0x97], [0xc9, 0xdf, 0xff], [0xd8, 0xd8, 0xd8], [0x62, 0x62, 0x62], [0xc3, 0x59, 0x56], [0x9f, 0xab, 0x76], [0xec, 0xc1, 0x79], [0x7d, 0xa9, 0xc7], [0xba, 0x6c, 0xa0], [0xab, 0xba, 0xcf], [0xf7, 0xf7, 0xf7]],
    },
    TerminalTheme {
        name: "Rippedcasts",
        background: [0x2b, 0x2b, 0x2b],
        foreground: [0xff, 0xff, 0xff],
        cursor: [0x7f, 0x7f, 0x7f],
        selection: [0x26, 0x4f, 0x78],
        ansi: [[0x00, 0x00, 0x00], [0xcd, 0xaf, 0x95], [0xa8, 0xff, 0x60], [0xbf, 0xbb, 0x1f], [0x75, 0xa5, 0xb0], [0xff, 0x73, 0xfd], [0x5a, 0x64, 0x7e], [0xbf, 0xbf, 0xbf], [0x66, 0x66, 0x66], [0xee, 0xcb, 0xad], [0xbc, 0xee, 0x68], [0xe5, 0xe5, 0x00], [0x86, 0xbd, 0xc9], [0xe5, 0x00, 0xe5], [0x8c, 0x9b, 0xc4], [0xe5, 0xe5, 0xe5]],
    },
    TerminalTheme {
        name: "Rose Pine",
        background: [0x19, 0x17, 0x24],
        foreground: [0xe0, 0xde, 0xf4],
        cursor: [0x55, 0x51, 0x69],
        selection: [0x26, 0x4f, 0x78],
        ansi: [[0x26, 0x23, 0x3a], [0xeb, 0x6f, 0x92], [0x31, 0x74, 0x8f], [0xf6, 0xc1, 0x77], [0x9c, 0xcf, 0xd8], [0xc4, 0xa7, 0xe7], [0xeb, 0xbc, 0xba], [0xe0, 0xde, 0xf4], [0x6e, 0x6a, 0x86], [0xeb, 0x6f, 0x92], [0x31, 0x74, 0x8f], [0xf6, 0xc1, 0x77], [0x9c, 0xcf, 0xd8], [0xc4, 0xa7, 0xe7], [0xeb, 0xbc, 0xba], [0xe0, 0xde, 0xf4]],
    },
    TerminalTheme {
        name: "Rose Pine Dawn",
        background: [0xfa, 0xf4, 0xed],
        foreground: [0x57, 0x52, 0x79],
        cursor: [0x98, 0x93, 0xa5],
        selection: [0x26, 0x4f, 0x78],
        ansi: [[0xf2, 0xe9, 0xde], [0xb4, 0x63, 0x7a], [0x28, 0x69, 0x83], [0xea, 0x9d, 0x34], [0x56, 0x94, 0x9f], [0x90, 0x7a, 0xa9], [0xd7, 0x82, 0x7e], [0x57, 0x52, 0x79], [0x6e, 0x6a, 0x86], [0xb4, 0x63, 0x7a], [0x28, 0x69, 0x83], [0xea, 0x9d, 0x34], [0x56, 0x94, 0x9f], [0x90, 0x7a, 0xa9], [0xd7, 0x82, 0x7e], [0x57, 0x52, 0x79]],
    },
    TerminalTheme {
        name: "Rose Pine Moon",
        background: [0x23, 0x21, 0x36],
        foreground: [0xe0, 0xde, 0xf4],
        cursor: [0x59, 0x54, 0x6d],
        selection: [0x26, 0x4f, 0x78],
        ansi: [[0x39, 0x35, 0x52], [0xeb, 0x6f, 0x92], [0x3e, 0x8f, 0xb0], [0xf6, 0xc1, 0x77], [0x9c, 0xcf, 0xd8], [0xc4, 0xa7, 0xe7], [0xea, 0x9a, 0x97], [0xe0, 0xde, 0xf4], [0x81, 0x7c, 0x9c], [0xeb, 0x6f, 0x92], [0x3e, 0x8f, 0xb0], [0xf6, 0xc1, 0x77], [0x9c, 0xcf, 0xd8], [0xc4, 0xa7, 0xe7], [0xea, 0x9a, 0x97], [0xe0, 0xde, 0xf4]],
    },
    TerminalTheme {
        name: "Royal",
        background: [0x10, 0x08, 0x15],
        foreground: [0x51, 0x49, 0x68],
        cursor: [0x52, 0x49, 0x66],
        selection: [0x26, 0x4f, 0x78],
        ansi: [[0x24, 0x1f, 0x2b], [0x91, 0x28, 0x4c], [0x23, 0x80, 0x1c], [0xb4, 0x9d, 0x27], [0x65, 0x80, 0xb0], [0x67, 0x4d, 0x96], [0x8a, 0xaa, 0xbe], [0x52, 0x49, 0x66], [0x31, 0x2d, 0x3d], [0xd5, 0x35, 0x6c], [0x2c, 0xd9, 0x46], [0xfd, 0xe8, 0x3b], [0x90, 0xba, 0xf9], [0xa4, 0x79, 0xe3], [0xac, 0xd4, 0xeb], [0x9e, 0x8c, 0xbd]],
    },
    TerminalTheme {
        name: "Ryuuko",
        background: [0x2c, 0x39, 0x41],
        foreground: [0xec, 0xec, 0xec],
        cursor: [0xec, 0xec, 0xec],
        selection: [0x26, 0x4f, 0x78],
        ansi: [[0x2c, 0x39, 0x41], [0x86, 0x5f, 0x5b], [0x66, 0x90, 0x7d], [0xb1, 0xa9, 0x90], [0x6a, 0x8e, 0x95], [0xb1, 0x8a, 0x73], [0x88, 0xb2, 0xac], [0xec, 0xec, 0xec], [0x5d, 0x70, 0x79], [0x86, 0x5f, 0x5b], [0x66, 0x90, 0x7d], [0xb1, 0xa9, 0x90], [0x6a, 0x8e, 0x95], [0xb1, 0x8a, 0x73], [0x88, 0xb2, 0xac], [0xec, 0xec, 0xec]],
    },
    TerminalTheme {
        name: "SeaShells",
        background: [0x09, 0x14, 0x1b],
        foreground: [0xde, 0xb8, 0x8d],
        cursor: [0xfc, 0xa0, 0x2f],
        selection: [0x26, 0x4f, 0x78],
        ansi: [[0x17, 0x38, 0x4c], [0xd1, 0x51, 0x23], [0x02, 0x7c, 0x9b], [0xfc, 0xa0, 0x2f], [0x1e, 0x49, 0x50], [0x68, 0xd4, 0xf1], [0x50, 0xa3, 0xb5], [0xde, 0xb8, 0x8d], [0x43, 0x4b, 0x53], [0xd4, 0x86, 0x78], [0x62, 0x8d, 0x98], [0xfd, 0xd3, 0x9f], [0x1b, 0xbc, 0xdd], [0xbb, 0xe3, 0xee], [0x87, 0xac, 0xb4], [0xfe, 0xe4, 0xce]],
    },
    TerminalTheme {
        name: "Seafoam Pastel",
        background: [0x24, 0x34, 0x35],
        foreground: [0xd4, 0xe7, 0xd4],
        cursor: [0x57, 0x64, 0x7a],
        selection: [0x26, 0x4f, 0x78],
        ansi: [[0x75, 0x75, 0x75], [0x82, 0x5d, 0x4d], [0x72, 0x8c, 0x62], [0xad, 0xa1, 0x6d], [0x4d, 0x7b, 0x82], [0x8a, 0x72, 0x67], [0x72, 0x94, 0x94], [0xe0, 0xe0, 0xe0], [0x8a, 0x8a, 0x8a], [0xcf, 0x93, 0x7a], [0x98, 0xd9, 0xaa], [0xfa, 0xe7, 0x9d], [0x7a, 0xc3, 0xcf], [0xd6, 0xb2, 0xa1], [0xad, 0xe0, 0xe0], [0xe0, 0xe0, 0xe0]],
    },
    TerminalTheme {
        name: "Seti",
        background: [0x11, 0x12, 0x13],
        foreground: [0xca, 0xce, 0xcd],
        cursor: [0xe3, 0xbf, 0x21],
        selection: [0x26, 0x4f, 0x78],
        ansi: [[0x32, 0x32, 0x32], [0xc2, 0x28, 0x32], [0x8e, 0xc4, 0x3d], [0xe0, 0xc6, 0x4f], [0x43, 0xa5, 0xd5], [0x8b, 0x57, 0xb5], [0x8e, 0xc4, 0x3d], [0xee, 0xee, 0xee], [0x32, 0x32, 0x32], [0xc2, 0x28, 0x32], [0x8e, 0xc4, 0x3d], [0xe0, 0xc6, 0x4f], [0x43, 0xa5, 0xd5], [0x8b, 0x57, 0xb5], [0x8e, 0xc4, 0x3d], [0xff, 0xff, 0xff]],
    },
    TerminalTheme {
        name: "Shaman",
        background: [0x00, 0x10, 0x15],
        foreground: [0x40, 0x55, 0x55],
        cursor: [0x4a, 0xfc, 0xd6],
        selection: [0x26, 0x4f, 0x78],
        ansi: [[0x01, 0x20, 0x26], [0xb2, 0x30, 0x2d], [0x00, 0xa9, 0x41], [0x5e, 0x8b, 0xaa], [0x44, 0x9a, 0x86], [0x00, 0x59, 0x9d], [0x5d, 0x7e, 0x19], [0x40, 0x55, 0x55], [0x38, 0x44, 0x51], [0xff, 0x42, 0x42], [0x2a, 0xea, 0x5e], [0x8e, 0xd4, 0xfd], [0x61, 0xd5, 0xba], [0x12, 0x98, 0xff], [0x98, 0xd0, 0x28], [0x58, 0xfb, 0xd6]],
    },
    TerminalTheme {
        name: "Slate",
        background: [0x22, 0x22, 0x22],
        foreground: [0x35, 0xb1, 0xd2],
        cursor: [0x87, 0xd3, 0xc4],
        selection: [0x26, 0x4f, 0x78],
        ansi: [[0x22, 0x22, 0x22], [0xe2, 0xa8, 0xbf], [0x81, 0xd7, 0x78], [0xc4, 0xc9, 0xc0], [0x26, 0x4b, 0x49], [0xa4, 0x81, 0xd3], [0x15, 0xab, 0x9c], [0x02, 0xc5, 0xe0], [0xff, 0xff, 0xff], [0xff, 0xcd, 0xd9], [0xbe, 0xff, 0xa8], [0xd0, 0xcc, 0xca], [0x7a, 0xb0, 0xd2], [0xc5, 0xa7, 0xd9], [0x8c, 0xdf, 0xe0], [0xe0, 0xe0, 0xe0]],
    },
    TerminalTheme {
        name: "Smyck",
        background: [0x1b, 0x1b, 0x1b],
        foreground: [0xf7, 0xf7, 0xf7],
        cursor: [0xbb, 0xbb, 0xbb],
        selection: [0x26, 0x4f, 0x78],
        ansi: [[0x00, 0x00, 0x00], [0xb8, 0x41, 0x31], [0x7d, 0xa9, 0x00], [0xc4, 0xa5, 0x00], [0x62, 0xa3, 0xc4], [0xba, 0x8a, 0xcc], [0x20, 0x73, 0x83], [0xa1, 0xa1, 0xa1], [0x7a, 0x7a, 0x7a], [0xd6, 0x83, 0x7c], [0xc4, 0xf1, 0x37], [0xfe, 0xe1, 0x4d], [0x8d, 0xcf, 0xf0], [0xf7, 0x9a, 0xff], [0x6a, 0xd9, 0xcf], [0xf7, 0xf7, 0xf7]],
    },
    TerminalTheme {
        name: "SoftServer",
        background: [0x24, 0x26, 0x26],
        foreground: [0x99, 0xa3, 0xa2],
        cursor: [0xd2, 0xe0, 0xde],
        selection: [0x26, 0x4f, 0x78],
        ansi: [[0x00, 0x00, 0x00], [0xa2, 0x68, 0x6a], [0x9a, 0xa5, 0x6a], [0xa3, 0x90, 0x6a], [0x6b, 0x8f, 0xa3], [0x6a, 0x71, 0xa3], [0x6b, 0xa5, 0x8f], [0x99, 0xa3, 0xa2], [0x66, 0x6c, 0x6c], [0xdd, 0x5c, 0x60], [0xbf, 0xdf, 0x55], [0xde, 0xb3, 0x60], [0x62, 0xb1, 0xdf], [0x60, 0x6e, 0xdf], [0x64, 0xe3, 0x9c], [0xd2, 0xe0, 0xde]],
    },
    TerminalTheme {
        name: "Solarized Darcula",
        background: [0x3d, 0x3f, 0x41],
        foreground: [0xd2, 0xd8, 0xd9],
        cursor: [0x70, 0x82, 0x84],
        selection: [0x26, 0x4f, 0x78],
        ansi: [[0x25, 0x29, 0x2a], [0xf2, 0x48, 0x40], [0x62, 0x96, 0x55], [0xb6, 0x88, 0x00], [0x20, 0x75, 0xc7], [0x79, 0x7f, 0xd4], [0x15, 0x96, 0x8d], [0xd2, 0xd8, 0xd9], [0x25, 0x29, 0x2a], [0xf2, 0x48, 0x40], [0x62, 0x96, 0x55], [0xb6, 0x88, 0x00], [0x20, 0x75, 0xc7], [0x79, 0x7f, 0xd4], [0x15, 0x96, 0x8d], [0xd2, 0xd8, 0xd9]],
    },
    TerminalTheme {
        name: "Solarized Dark",
        background: [0x00, 0x1e, 0x27],
        foreground: [0x70, 0x82, 0x84],
        cursor: [0x70, 0x82, 0x84],
        selection: [0x26, 0x4f, 0x78],
        ansi: [[0x00, 0x28, 0x31], [0xd1, 0x1c, 0x24], [0x73, 0x8a, 0x05], [0xa5, 0x77, 0x06], [0x21, 0x76, 0xc7], [0xc6, 0x1c, 0x6f], [0x25, 0x92, 0x86], [0xea, 0xe3, 0xcb], [0x00, 0x1e, 0x27], [0xbd, 0x36, 0x13], [0x47, 0x5b, 0x62], [0x53, 0x68, 0x70], [0x70, 0x82, 0x84], [0x59, 0x56, 0xba], [0x81, 0x90, 0x90], [0xfc, 0xf4, 0xdc]],
    },
    TerminalTheme {
        name: "Solarized Dark - Patched",
        background: [0x00, 0x1e, 0x27],
        foreground: [0x70, 0x82, 0x84],
        cursor: [0x70, 0x82, 0x84],
        selection: [0x26, 0x4f, 0x78],
        ansi: [[0x00, 0x28, 0x31], [0xd1, 0x1c, 0x24], [0x73, 0x8a, 0x05], [0xa5, 0x77, 0x06], [0x21, 0x76, 0xc7], [0xc6, 0x1c, 0x6f], [0x25, 0x92, 0x86], [0xea, 0xe3, 0xcb], [0x47, 0x5b, 0x62], [0xbd, 0x36, 0x13], [0x47, 0x5b, 0x62], [0x53, 0x68, 0x70], [0x70, 0x82, 0x84], [0x59, 0x56, 0xba], [0x81, 0x90, 0x90], [0xfc, 0xf4, 0xdc]],
    },
    TerminalTheme {
        name: "Solarized Dark Higher Contrast",
        background: [0x00, 0x1e, 0x27],
        foreground: [0x9c, 0xc2, 0xc3],
        cursor: [0xf3, 0x4b, 0x00],
        selection: [0x26, 0x4f, 0x78],
        ansi: [[0x00, 0x28, 0x31], [0xd1, 0x1c, 0x24], [0x6c, 0xbe, 0x6c], [0xa5, 0x77, 0x06], [0x21, 0x76, 0xc7], [0xc6, 0x1c, 0x6f], [0x25, 0x92, 0x86], [0xea, 0xe3, 0xcb], [0x00, 0x64, 0x88], [0xf5, 0x16, 0x3b], [0x51, 0xef, 0x84], [0xb2, 0x7e, 0x28], [0x17, 0x8e, 0xc8], [0xe2, 0x4d, 0x8e], [0x00, 0xb3, 0x9e], [0xfc, 0xf4, 0xdc]],
    },
    TerminalTheme {
        name: "Solarized Light",
        background: [0xfc, 0xf4, 0xdc],
        foreground: [0x53, 0x68, 0x70],
        cursor: [0x53, 0x68, 0x70],
        selection: [0x26, 0x4f, 0x78],
        ansi: [[0x00, 0x28, 0x31], [0xd1, 0x1c, 0x24], [0x73, 0x8a, 0x05], [0xa5, 0x77, 0x06], [0x21, 0x76, 0xc7], [0xc6, 0x1c, 0x6f], [0x25, 0x92, 0x86], [0xea, 0xe3, 0xcb], [0x00, 0x1e, 0x27], [0xbd, 0x36, 0x13], [0x47, 0x5b, 0x62], [0x53, 0x68, 0x70], [0x70, 0x82, 0x84], [0x59, 0x56, 0xba], [0x81, 0x90, 0x90], [0xfc, 0xf4, 0xdc]],
    },
    TerminalTheme {
        name: "SpaceGray",
        background: [0x20, 0x24, 0x2d],
        foreground: [0xb3, 0xb8, 0xc3],
        cursor: [0xb3, 0xb8, 0xc3],
        selection: [0x26, 0x4f, 0x78],
        ansi: [[0x00, 0x00, 0x00], [0xb0, 0x4b, 0x57], [0x87, 0xb3, 0x79], [0xe5, 0xc1, 0x79], [0x7d, 0x8f, 0xa4], [0xa4, 0x79, 0x96], [0x85, 0xa7, 0xa5], [0xb3, 0xb8, 0xc3], [0x00, 0x00, 0x00], [0xb0, 0x4b, 0x57], [0x87, 0xb3, 0x79], [0xe5, 0xc1, 0x79], [0x7d, 0x8f, 0xa4], [0xa4, 0x79, 0x96], [0x85, 0xa7, 0xa5], [0xff, 0xff, 0xff]],
    },
    TerminalTheme {
        name: "SpaceGray Eighties",
        background: [0x22, 0x22, 0x22],
        foreground: [0xbd, 0xba, 0xae],
        cursor: [0xbb, 0xbb, 0xbb],
        selection: [0x26, 0x4f, 0x78],
        ansi: [[0x15, 0x17, 0x1c], [0xec, 0x5f, 0x67], [0x81, 0xa7, 0x64], [0xfe, 0xc2, 0x54], [0x54, 0x86, 0xc0], [0xbf, 0x83, 0xc1], [0x57, 0xc2, 0xc1], [0xef, 0xec, 0xe7], [0x55, 0x55, 0x55], [0xff, 0x69, 0x73], [0x93, 0xd4, 0x93], [0xff, 0xd2, 0x56], [0x4d, 0x84, 0xd1], [0xff, 0x55, 0xff], [0x83, 0xe9, 0xe4], [0xff, 0xff, 0xff]],
    },
    TerminalTheme {
        name: "SpaceGray Eighties Dull",
        background: [0x22, 0x22, 0x22],
        foreground: [0xc9, 0xc6, 0xbc],
        cursor: [0xbb, 0xbb, 0xbb],
        selection: [0x26, 0x4f, 0x78],
        ansi: [[0x15, 0x17, 0x1c], [0xb2, 0x4a, 0x56], [0x92, 0xb4, 0x77], [0xc6, 0x73, 0x5a], [0x7c, 0x8f, 0xa5], [0xa5, 0x78, 0x9e], [0x80, 0xcd, 0xcb], [0xb3, 0xb8, 0xc3], [0x55, 0x55, 0x55], [0xec, 0x5f, 0x67], [0x89, 0xe9, 0x86], [0xfe, 0xc2, 0x54], [0x54, 0x86, 0xc0], [0xbf, 0x83, 0xc1], [0x58, 0xc2, 0xc1], [0xff, 0xff, 0xff]],
    },
    TerminalTheme {
        name: "Spacedust",
        background: [0x0a, 0x1e, 0x24],
        foreground: [0xec, 0xf0, 0xc1],
        cursor: [0x70, 0x82, 0x84],
        selection: [0x26, 0x4f, 0x78],
        ansi: [[0x6e, 0x53, 0x46], [0xe3, 0x5b, 0x00], [0x5c, 0xab, 0x96], [0xe3, 0xcd, 0x7b], [0x0f, 0x54, 0x8b], [0xe3, 0x5b, 0x00], [0x06, 0xaf, 0xc7], [0xf0, 0xf1, 0xce], [0x68, 0x4c, 0x31], [0xff, 0x8a, 0x3a], [0xae, 0xca, 0xb8], [0xff, 0xc8, 0x78], [0x67, 0xa0, 0xce], [0xff, 0x8a, 0x3a], [0x83, 0xa7, 0xb4], [0xfe, 0xff, 0xf1]],
    },
    TerminalTheme {
        name: "Spiderman",
        background: [0x1b, 0x1d, 0x1e],
        foreground: [0xe3, 0xe3, 0xe3],
        cursor: [0x2c, 0x3f, 0xff],
        selection: [0x26, 0x4f, 0x78],
        ansi: [[0x1b, 0x1d, 0x1e], [0xe6, 0x08, 0x13], [0xe2, 0x29, 0x28], [0xe2, 0x47, 0x56], [0x2c, 0x3f, 0xff], [0x24, 0x35, 0xdb], [0x32, 0x56, 0xff], [0xff, 0xfe, 0xf6], [0x50, 0x53, 0x54], [0xff, 0x03, 0x25], [0xff, 0x33, 0x38], [0xfe, 0x3a, 0x35], [0x1d, 0x50, 0xff], [0x74, 0x7c, 0xff], [0x61, 0x84, 0xff], [0xff, 0xff, 0xf9]],
    },
    TerminalTheme {
        name: "Spring",
        background: [0xff, 0xff, 0xff],
        foreground: [0x4d, 0x4d, 0x4c],
        cursor: [0x4d, 0x4d, 0x4c],
        selection: [0x26, 0x4f, 0x78],
        ansi: [[0x00, 0x00, 0x00], [0xff, 0x4d, 0x83], [0x1f, 0x8c, 0x3b], [0x1f, 0xc9, 0x5b], [0x1d, 0xd3, 0xee], [0x89, 0x59, 0xa8], [0x3e, 0x99, 0x9f], [0xff, 0xff, 0xff], [0x00, 0x00, 0x00], [0xff, 0x00, 0x21], [0x1f, 0xc2, 0x31], [0xd5, 0xb8, 0x07], [0x15, 0xa9, 0xfd], [0x89, 0x59, 0xa8], [0x3e, 0x99, 0x9f], [0xff, 0xff, 0xff]],
    },
    TerminalTheme {
        name: "Square",
        background: [0x1a, 0x1a, 0x1a],
        foreground: [0xac, 0xac, 0xab],
        cursor: [0xfc, 0xfb, 0xcc],
        selection: [0x26, 0x4f, 0x78],
        ansi: [[0x05, 0x05, 0x05], [0xe9, 0x89, 0x7c], [0xb6, 0x37, 0x7d], [0xec, 0xeb, 0xbe], [0xa9, 0xcd, 0xeb], [0x75, 0x50, 0x7b], [0xc9, 0xca, 0xec], [0xf2, 0xf2, 0xf2], [0x14, 0x14, 0x14], [0xf9, 0x92, 0x86], [0xc3, 0xf7, 0x86], [0xfc, 0xfb, 0xcc], [0xb6, 0xde, 0xfb], [0xad, 0x7f, 0xa8], [0xd7, 0xd9, 0xfc], [0xe2, 0xe2, 0xe2]],
    },
    TerminalTheme {
        name: "Sundried",
        background: [0x1a, 0x18, 0x18],
        foreground: [0xc9, 0xc9, 0xc9],
        cursor: [0xff, 0xff, 0xff],
        selection: [0x26, 0x4f, 0x78],
        ansi: [[0x30, 0x2b, 0x2a], [0xa7, 0x46, 0x3d], [0x58, 0x77, 0x44], [0x9d, 0x60, 0x2a], [0x48, 0x5b, 0x98], [0x86, 0x46, 0x51], [0x9c, 0x81, 0x4f], [0xc9, 0xc9, 0xc9], [0x4d, 0x4e, 0x48], [0xaa, 0x00, 0x0c], [0x12, 0x8c, 0x21], [0xfc, 0x6a, 0x21], [0x79, 0x99, 0xf7], [0xfd, 0x8a, 0xa1], [0xfa, 0xd4, 0x84], [0xff, 0xff, 0xff]],
    },
    TerminalTheme {
        name: "Symfonic",
        background: [0x00, 0x00, 0x00],
        foreground: [0xff, 0xff, 0xff],
        cursor: [0xdc, 0x32, 0x2f],
        selection: [0x26, 0x4f, 0x78],
        ansi: [[0x00, 0x00, 0x00], [0xdc, 0x32, 0x2f], [0x56, 0xdb, 0x3a], [0xff, 0x84, 0x00], [0x00, 0x84, 0xd4], [0xb7, 0x29, 0xd9], [0xcc, 0xcc, 0xff], [0xff, 0xff, 0xff], [0x1b, 0x1d, 0x21], [0xdc, 0x32, 0x2f], [0x56, 0xdb, 0x3a], [0xff, 0x84, 0x00], [0x00, 0x84, 0xd4], [0xb7, 0x29, 0xd9], [0xcc, 0xcc, 0xff], [0xff, 0xff, 0xff]],
    },
    TerminalTheme {
        name: "Tango",
        background: [0x00, 0x00, 0x00],
        foreground: [0xba, 0xbd, 0xb6],
        cursor: [0xba, 0xbd, 0xb6],
        selection: [0x26, 0x4f, 0x78],
        ansi: [[0x2e, 0x34, 0x36], [0xcc, 0x00, 0x00], [0x4e, 0x9a, 0x06], [0xc4, 0xa0, 0x00], [0x34, 0x65, 0xa4], [0x75, 0x50, 0x7b], [0x06, 0x98, 0x9a], [0xd3, 0xd7, 0xcf], [0x55, 0x57, 0x53], [0xef, 0x29, 0x29], [0x8a, 0xe2, 0x34], [0xfc, 0xe9, 0x4f], [0x72, 0x9f, 0xcf], [0xad, 0x7f, 0xa8], [0x34, 0xe2, 0xe2], [0xee, 0xee, 0xec]],
    },
    TerminalTheme {
        name: "Teerb",
        background: [0x26, 0x26, 0x26],
        foreground: [0xd0, 0xd0, 0xd0],
        cursor: [0xe4, 0xc9, 0xaf],
        selection: [0x26, 0x4f, 0x78],
        ansi: [[0x1c, 0x1c, 0x1c], [0xd6, 0x86, 0x86], [0xae, 0xd6, 0x86], [0xd7, 0xaf, 0x87], [0x86, 0xae, 0xd6], [0xd6, 0xae, 0xd6], [0x8a, 0xdb, 0xb4], [0xd0, 0xd0, 0xd0], [0x1c, 0x1c, 0x1c], [0xd6, 0x86, 0x86], [0xae, 0xd6, 0x86], [0xe4, 0xc9, 0xaf], [0x86, 0xae, 0xd6], [0xd6, 0xae, 0xd6], [0xb1, 0xe7, 0xdd], [0xef, 0xef, 0xef]],
    },
    TerminalTheme {
        name: "Terminal Basic",
        background: [0xff, 0xff, 0xff],
        foreground: [0x00, 0x00, 0x00],
        cursor: [0x7f, 0x7f, 0x7f],
        selection: [0x26, 0x4f, 0x78],
        ansi: [[0x00, 0x00, 0x00], [0x99, 0x00, 0x00], [0x00, 0xa6, 0x00], [0x99, 0x99, 0x00], [0x00, 0x00, 0xb2], [0xb2, 0x00, 0xb2], [0x00, 0xa6, 0xb2], [0xbf, 0xbf, 0xbf], [0x66, 0x66, 0x66], [0xe5, 0x00, 0x00], [0x00, 0xd9, 0x00], [0xe5, 0xe5, 0x00], [0x00, 0x00, 0xff], [0xe5, 0x00, 0xe5], [0x00, 0xe5, 0xe5], [0xe5, 0xe5, 0xe5]],
    },
    TerminalTheme {
        name: "Thayer Bright",
        background: [0x1b, 0x1d, 0x1e],
        foreground: [0xf8, 0xf8, 0xf8],
        cursor: [0xfc, 0x97, 0x1f],
        selection: [0x26, 0x4f, 0x78],
        ansi: [[0x1b, 0x1d, 0x1e], [0xf9, 0x26, 0x72], [0x4d, 0xf8, 0x40], [0xf4, 0xfd, 0x22], [0x27, 0x57, 0xd6], [0x8c, 0x54, 0xfe], [0x38, 0xc8, 0xb5], [0xcc, 0xcc, 0xc6], [0x50, 0x53, 0x54], [0xff, 0x59, 0x95], [0xb6, 0xe3, 0x54], [0xfe, 0xed, 0x6c], [0x3f, 0x78, 0xff], [0x9e, 0x6f, 0xfe], [0x23, 0xcf, 0xd5], [0xf8, 0xf8, 0xf2]],
    },
    TerminalTheme {
        name: "The Hulk",
        background: [0x1b, 0x1d, 0x1e],
        foreground: [0xb5, 0xb5, 0xb5],
        cursor: [0x16, 0xb6, 0x1b],
        selection: [0x26, 0x4f, 0x78],
        ansi: [[0x1b, 0x1d, 0x1e], [0x26, 0x9d, 0x1b], [0x13, 0xce, 0x30], [0x63, 0xe4, 0x57], [0x25, 0x25, 0xf5], [0x64, 0x1f, 0x74], [0x37, 0x8c, 0xa9], [0xd9, 0xd8, 0xd1], [0x50, 0x53, 0x54], [0x8d, 0xff, 0x2a], [0x48, 0xff, 0x77], [0x3a, 0xfe, 0x16], [0x50, 0x6b, 0x95], [0x72, 0x58, 0x9d], [0x40, 0x85, 0xa6], [0xe5, 0xe6, 0xe1]],
    },
    TerminalTheme {
        name: "TokyoNight",
        background: [0x1a, 0x1b, 0x26],
        foreground: [0xc0, 0xca, 0xf5],
        cursor: [0xc0, 0xca, 0xf5],
        selection: [0x26, 0x4f, 0x78],
        ansi: [[0x15, 0x16, 0x1e], [0xf7, 0x76, 0x8e], [0x9e, 0xce, 0x6a], [0xe0, 0xaf, 0x68], [0x7a, 0xa2, 0xf7], [0xbb, 0x9a, 0xf7], [0x7d, 0xcf, 0xff], [0xa9, 0xb1, 0xd6], [0x41, 0x48, 0x68], [0xf7, 0x76, 0x8e], [0x9e, 0xce, 0x6a], [0xe0, 0xaf, 0x68], [0x7a, 0xa2, 0xf7], [0xbb, 0x9a, 0xf7], [0x7d, 0xcf, 0xff], [0xc0, 0xca, 0xf5]],
    },
    TerminalTheme {
        name: "TokyoNight Day",
        background: [0xe1, 0xe2, 0xe7],
        foreground: [0x37, 0x60, 0xbf],
        cursor: [0x37, 0x60, 0xbf],
        selection: [0x26, 0x4f, 0x78],
        ansi: [[0xe9, 0xe9, 0xed], [0xf5, 0x2a, 0x65], [0x58, 0x75, 0x39], [0x8c, 0x6c, 0x3e], [0x2e, 0x7d, 0xe9], [0x98, 0x54, 0xf1], [0x00, 0x71, 0x97], [0x61, 0x72, 0xb0], [0xa1, 0xa6, 0xc5], [0xf5, 0x2a, 0x65], [0x58, 0x75, 0x39], [0x8c, 0x6c, 0x3e], [0x2e, 0x7d, 0xe9], [0x98, 0x54, 0xf1], [0x00, 0x71, 0x97], [0x37, 0x60, 0xbf]],
    },
    TerminalTheme {
        name: "TokyoNight Storm",
        background: [0x24, 0x28, 0x3b],
        foreground: [0xc0, 0xca, 0xf5],
        cursor: [0xc0, 0xca, 0xf5],
        selection: [0x26, 0x4f, 0x78],
        ansi: [[0x1d, 0x20, 0x2f], [0xf7, 0x76, 0x8e], [0x9e, 0xce, 0x6a], [0xe0, 0xaf, 0x68], [0x7a, 0xa2, 0xf7], [0xbb, 0x9a, 0xf7], [0x7d, 0xcf, 0xff], [0xa9, 0xb1, 0xd6], [0x41, 0x48, 0x68], [0xf7, 0x76, 0x8e], [0x9e, 0xce, 0x6a], [0xe0, 0xaf, 0x68], [0x7a, 0xa2, 0xf7], [0xbb, 0x9a, 0xf7], [0x7d, 0xcf, 0xff], [0xc0, 0xca, 0xf5]],
    },
    TerminalTheme {
        name: "Tomorrow",
        background: [0xff, 0xff, 0xff],
        foreground: [0x4d, 0x4d, 0x4c],
        cursor: [0x4d, 0x4d, 0x4c],
        selection: [0x26, 0x4f, 0x78],
        ansi: [[0x00, 0x00, 0x00], [0xc8, 0x28, 0x29], [0x71, 0x8c, 0x00], [0xea, 0xb7, 0x00], [0x42, 0x71, 0xae], [0x89, 0x59, 0xa8], [0x3e, 0x99, 0x9f], [0xff, 0xff, 0xff], [0x00, 0x00, 0x00], [0xc8, 0x28, 0x29], [0x71, 0x8c, 0x00], [0xea, 0xb7, 0x00], [0x42, 0x71, 0xae], [0x89, 0x59, 0xa8], [0x3e, 0x99, 0x9f], [0xff, 0xff, 0xff]],
    },
    TerminalTheme {
        name: "Tomorrow Night",
        background: [0x1d, 0x1f, 0x21],
        foreground: [0xc5, 0xc8, 0xc6],
        cursor: [0xc5, 0xc8, 0xc6],
        selection: [0x26, 0x4f, 0x78],
        ansi: [[0x00, 0x00, 0x00], [0xcc, 0x66, 0x66], [0xb5, 0xbd, 0x68], [0xf0, 0xc6, 0x74], [0x81, 0xa2, 0xbe], [0xb2, 0x94, 0xbb], [0x8a, 0xbe, 0xb7], [0xff, 0xff, 0xff], [0x00, 0x00, 0x00], [0xcc, 0x66, 0x66], [0xb5, 0xbd, 0x68], [0xf0, 0xc6, 0x74], [0x81, 0xa2, 0xbe], [0xb2, 0x94, 0xbb], [0x8a, 0xbe, 0xb7], [0xff, 0xff, 0xff]],
    },
    TerminalTheme {
        name: "Tomorrow Night Blue",
        background: [0x00, 0x24, 0x51],
        foreground: [0xff, 0xff, 0xff],
        cursor: [0xff, 0xff, 0xff],
        selection: [0x26, 0x4f, 0x78],
        ansi: [[0x00, 0x00, 0x00], [0xff, 0x9d, 0xa4], [0xd1, 0xf1, 0xa9], [0xff, 0xee, 0xad], [0xbb, 0xda, 0xff], [0xeb, 0xbb, 0xff], [0x99, 0xff, 0xff], [0xff, 0xff, 0xff], [0x00, 0x00, 0x00], [0xff, 0x9d, 0xa4], [0xd1, 0xf1, 0xa9], [0xff, 0xee, 0xad], [0xbb, 0xda, 0xff], [0xeb, 0xbb, 0xff], [0x99, 0xff, 0xff], [0xff, 0xff, 0xff]],
    },
    TerminalTheme {
        name: "Tomorrow Night Bright",
        background: [0x00, 0x00, 0x00],
        foreground: [0xea, 0xea, 0xea],
        cursor: [0xea, 0xea, 0xea],
        selection: [0x26, 0x4f, 0x78],
        ansi: [[0x00, 0x00, 0x00], [0xd5, 0x4e, 0x53], [0xb9, 0xca, 0x4a], [0xe7, 0xc5, 0x47], [0x7a, 0xa6, 0xda], [0xc3, 0x97, 0xd8], [0x70, 0xc0, 0xb1], [0xff, 0xff, 0xff], [0x00, 0x00, 0x00], [0xd5, 0x4e, 0x53], [0xb9, 0xca, 0x4a], [0xe7, 0xc5, 0x47], [0x7a, 0xa6, 0xda], [0xc3, 0x97, 0xd8], [0x70, 0xc0, 0xb1], [0xff, 0xff, 0xff]],
    },
    TerminalTheme {
        name: "Tomorrow Night Eighties",
        background: [0x2d, 0x2d, 0x2d],
        foreground: [0xcc, 0xcc, 0xcc],
        cursor: [0xcc, 0xcc, 0xcc],
        selection: [0x26, 0x4f, 0x78],
        ansi: [[0x00, 0x00, 0x00], [0xf2, 0x77, 0x7a], [0x99, 0xcc, 0x99], [0xff, 0xcc, 0x66], [0x66, 0x99, 0xcc], [0xcc, 0x99, 0xcc], [0x66, 0xcc, 0xcc], [0xff, 0xff, 0xff], [0x00, 0x00, 0x00], [0xf2, 0x77, 0x7a], [0x99, 0xcc, 0x99], [0xff, 0xcc, 0x66], [0x66, 0x99, 0xcc], [0xcc, 0x99, 0xcc], [0x66, 0xcc, 0xcc], [0xff, 0xff, 0xff]],
    },
    TerminalTheme {
        name: "ToyChest",
        background: [0x24, 0x36, 0x4b],
        foreground: [0x31, 0xd0, 0x7b],
        cursor: [0xd5, 0xd5, 0xd5],
        selection: [0x26, 0x4f, 0x78],
        ansi: [[0x2c, 0x3f, 0x58], [0xbe, 0x2d, 0x26], [0x1a, 0x91, 0x72], [0xdb, 0x8e, 0x27], [0x32, 0x5d, 0x96], [0x8a, 0x5e, 0xdc], [0x35, 0xa0, 0x8f], [0x23, 0xd1, 0x83], [0x33, 0x68, 0x89], [0xdd, 0x59, 0x44], [0x31, 0xd0, 0x7b], [0xe7, 0xd8, 0x4b], [0x34, 0xa6, 0xda], [0xae, 0x6b, 0xdc], [0x42, 0xc3, 0xae], [0xd5, 0xd5, 0xd5]],
    },
    TerminalTheme {
        name: "Treehouse",
        background: [0x19, 0x19, 0x19],
        foreground: [0x78, 0x6b, 0x53],
        cursor: [0xfa, 0xc8, 0x14],
        selection: [0x26, 0x4f, 0x78],
        ansi: [[0x32, 0x13, 0x00], [0xb2, 0x27, 0x0e], [0x44, 0xa9, 0x00], [0xaa, 0x82, 0x0c], [0x58, 0x85, 0x9a], [0x97, 0x36, 0x3d], [0xb2, 0x5a, 0x1e], [0x78, 0x6b, 0x53], [0x43, 0x36, 0x26], [0xed, 0x5d, 0x20], [0x55, 0xf2, 0x38], [0xf2, 0xb7, 0x32], [0x85, 0xcf, 0xed], [0xe1, 0x4c, 0x5a], [0xf0, 0x7d, 0x14], [0xff, 0xc8, 0x00]],
    },
    TerminalTheme {
        name: "Twilight",
        background: [0x14, 0x14, 0x14],
        foreground: [0xff, 0xff, 0xd4],
        cursor: [0xff, 0xff, 0xff],
        selection: [0x26, 0x4f, 0x78],
        ansi: [[0x14, 0x14, 0x14], [0xc0, 0x6d, 0x44], [0xaf, 0xb9, 0x7a], [0xc2, 0xa8, 0x6c], [0x44, 0x47, 0x4a], [0xb4, 0xbe, 0x7c], [0x77, 0x83, 0x85], [0xff, 0xff, 0xd4], [0x26, 0x26, 0x26], [0xde, 0x7c, 0x4c], [0xcc, 0xd8, 0x8c], [0xe2, 0xc4, 0x7e], [0x5a, 0x5e, 0x62], [0xd0, 0xdc, 0x8e], [0x8a, 0x98, 0x9b], [0xff, 0xff, 0xd4]],
    },
    TerminalTheme {
        name: "Ubuntu",
        background: [0x30, 0x0a, 0x24],
        foreground: [0xee, 0xee, 0xec],
        cursor: [0xbb, 0xbb, 0xbb],
        selection: [0x26, 0x4f, 0x78],
        ansi: [[0x2e, 0x34, 0x36], [0xcc, 0x00, 0x00], [0x4e, 0x9a, 0x06], [0xc4, 0xa0, 0x00], [0x34, 0x65, 0xa4], [0x75, 0x50, 0x7b], [0x06, 0x98, 0x9a], [0xd3, 0xd7, 0xcf], [0x55, 0x57, 0x53], [0xef, 0x29, 0x29], [0x8a, 0xe2, 0x34], [0xfc, 0xe9, 0x4f], [0x72, 0x9f, 0xcf], [0xad, 0x7f, 0xa8], [0x34, 0xe2, 0xe2], [0xee, 0xee, 0xec]],
    },
    TerminalTheme {
        name: "UnderTheSea",
        background: [0x01, 0x11, 0x16],
        foreground: [0xff, 0xff, 0xff],
        cursor: [0x4a, 0xfc, 0xd6],
        selection: [0x26, 0x4f, 0x78],
        ansi: [[0x02, 0x20, 0x26], [0xb2, 0x30, 0x2d], [0x00, 0xa9, 0x41], [0x59, 0x81, 0x9c], [0x45, 0x9a, 0x86], [0x00, 0x59, 0x9d], [0x5d, 0x7e, 0x19], [0x40, 0x55, 0x55], [0x38, 0x44, 0x51], [0xff, 0x42, 0x42], [0x2a, 0xea, 0x5e], [0x8e, 0xd4, 0xfd], [0x61, 0xd5, 0xba], [0x12, 0x98, 0xff], [0x98, 0xd0, 0x28], [0x58, 0xfb, 0xd6]],
    },
    TerminalTheme {
        name: "Urple",
        background: [0x1b, 0x1b, 0x23],
        foreground: [0x87, 0x7a, 0x9b],
        cursor: [0xa0, 0x63, 0xeb],
        selection: [0x26, 0x4f, 0x78],
        ansi: [[0x00, 0x00, 0x00], [0xb0, 0x42, 0x5b], [0x37, 0xa4, 0x15], [0xad, 0x5c, 0x42], [0x56, 0x4d, 0x9b], [0x6c, 0x3c, 0xa1], [0x80, 0x80, 0x80], [0x87, 0x79, 0x9c], [0x5d, 0x32, 0x25], [0xff, 0x63, 0x88], [0x29, 0xe6, 0x20], [0xf0, 0x81, 0x61], [0x86, 0x7a, 0xed], [0xa0, 0x5e, 0xee], [0xea, 0xea, 0xea], [0xbf, 0xa3, 0xff]],
    },
    TerminalTheme {
        name: "Vaughn",
        background: [0x25, 0x23, 0x4f],
        foreground: [0xdc, 0xdc, 0xcc],
        cursor: [0xff, 0x55, 0x55],
        selection: [0x26, 0x4f, 0x78],
        ansi: [[0x25, 0x23, 0x4f], [0x70, 0x50, 0x50], [0x60, 0xb4, 0x8a], [0xdf, 0xaf, 0x8f], [0x55, 0x55, 0xff], [0xf0, 0x8c, 0xc3], [0x8c, 0xd0, 0xd3], [0x70, 0x90, 0x80], [0x70, 0x90, 0x80], [0xdc, 0xa3, 0xa3], [0x60, 0xb4, 0x8a], [0xf0, 0xdf, 0xaf], [0x55, 0x55, 0xff], [0xec, 0x93, 0xd3], [0x93, 0xe0, 0xe3], [0xff, 0xff, 0xff]],
    },
    TerminalTheme {
        name: "VibrantInk",
        background: [0x00, 0x00, 0x00],
        foreground: [0xff, 0xff, 0xff],
        cursor: [0xff, 0xff, 0xff],
        selection: [0x26, 0x4f, 0x78],
        ansi: [[0x87, 0x87, 0x87], [0xff, 0x66, 0x00], [0xcc, 0xff, 0x04], [0xff, 0xcc, 0x00], [0x44, 0xb4, 0xcc], [0x99, 0x33, 0xcc], [0x44, 0xb4, 0xcc], [0xf5, 0xf5, 0xf5], [0x55, 0x55, 0x55], [0xff, 0x00, 0x00], [0x00, 0xff, 0x00], [0xff, 0xff, 0x00], [0x00, 0x00, 0xff], [0xff, 0x00, 0xff], [0x00, 0xff, 0xff], [0xe5, 0xe5, 0xe5]],
    },
    TerminalTheme {
        name: "Violet Dark",
        background: [0x1c, 0x1d, 0x1f],
        foreground: [0x70, 0x82, 0x84],
        cursor: [0x70, 0x82, 0x84],
        selection: [0x26, 0x4f, 0x78],
        ansi: [[0x56, 0x59, 0x5c], [0xc9, 0x4c, 0x22], [0x85, 0x98, 0x1c], [0xb4, 0x88, 0x1d], [0x2e, 0x8b, 0xce], [0xd1, 0x3a, 0x82], [0x32, 0xa1, 0x98], [0xc9, 0xc6, 0xbd], [0x45, 0x48, 0x4b], [0xbd, 0x36, 0x13], [0x73, 0x8a, 0x04], [0xa5, 0x77, 0x05], [0x21, 0x76, 0xc7], [0xc6, 0x1c, 0x6f], [0x25, 0x92, 0x86], [0xc9, 0xc6, 0xbd]],
    },
    TerminalTheme {
        name: "Violet Light",
        background: [0xfc, 0xf4, 0xdc],
        foreground: [0x53, 0x68, 0x70],
        cursor: [0x53, 0x68, 0x70],
        selection: [0x26, 0x4f, 0x78],
        ansi: [[0x56, 0x59, 0x5c], [0xc9, 0x4c, 0x22], [0x85, 0x98, 0x1c], [0xb4, 0x88, 0x1d], [0x2e, 0x8b, 0xce], [0xd1, 0x3a, 0x82], [0x32, 0xa1, 0x98], [0xd3, 0xd0, 0xc9], [0x45, 0x48, 0x4b], [0xbd, 0x36, 0x13], [0x73, 0x8a, 0x04], [0xa5, 0x77, 0x05], [0x21, 0x76, 0xc7], [0xc6, 0x1c, 0x6f], [0x25, 0x92, 0x86], [0xc9, 0xc6, 0xbd]],
    },
    TerminalTheme {
        name: "WarmNeon",
        background: [0x40, 0x40, 0x40],
        foreground: [0xaf, 0xda, 0xb6],
        cursor: [0x30, 0xff, 0x24],
        selection: [0x26, 0x4f, 0x78],
        ansi: [[0x00, 0x00, 0x00], [0xe2, 0x43, 0x46], [0x39, 0xb1, 0x3a], [0xda, 0xe1, 0x45], [0x42, 0x61, 0xc5], [0xf9, 0x20, 0xfb], [0x2a, 0xbb, 0xd4], [0xd0, 0xb8, 0xa3], [0xfe, 0xfc, 0xfc], [0xe9, 0x70, 0x71], [0x9c, 0xc0, 0x90], [0xdd, 0xda, 0x7a], [0x7b, 0x91, 0xd6], [0xf6, 0x74, 0xba], [0x5e, 0xd1, 0xe5], [0xd8, 0xc8, 0xbb]],
    },
    TerminalTheme {
        name: "Wez",
        background: [0x00, 0x00, 0x00],
        foreground: [0xb3, 0xb3, 0xb3],
        cursor: [0x53, 0xae, 0x71],
        selection: [0x26, 0x4f, 0x78],
        ansi: [[0x00, 0x00, 0x00], [0xcc, 0x55, 0x55], [0x55, 0xcc, 0x55], [0xcd, 0xcd, 0x55], [0x55, 0x55, 0xcc], [0xcc, 0x55, 0xcc], [0x7a, 0xca, 0xca], [0xcc, 0xcc, 0xcc], [0x55, 0x55, 0x55], [0xff, 0x55, 0x55], [0x55, 0xff, 0x55], [0xff, 0xff, 0x55], [0x55, 0x55, 0xff], [0xff, 0x55, 0xff], [0x55, 0xff, 0xff], [0xff, 0xff, 0xff]],
    },
    TerminalTheme {
        name: "WildCherry",
        background: [0x1f, 0x17, 0x26],
        foreground: [0xda, 0xfa, 0xff],
        cursor: [0xdd, 0x00, 0xff],
        selection: [0x26, 0x4f, 0x78],
        ansi: [[0x00, 0x05, 0x07], [0xd9, 0x40, 0x85], [0x2a, 0xb2, 0x50], [0xff, 0xd1, 0x6f], [0x88, 0x3c, 0xdc], [0xec, 0xec, 0xec], [0xc1, 0xb8, 0xb7], [0xff, 0xf8, 0xde], [0x00, 0x9c, 0xc9], [0xda, 0x6b, 0xac], [0xf4, 0xdc, 0xa5], [0xea, 0xc0, 0x66], [0x30, 0x8c, 0xba], [0xae, 0x63, 0x6b], [0xff, 0x91, 0x9d], [0xe4, 0x83, 0x8d]],
    },
    TerminalTheme {
        name: "Wombat",
        background: [0x17, 0x17, 0x17],
        foreground: [0xde, 0xda, 0xcf],
        cursor: [0xbb, 0xbb, 0xbb],
        selection: [0x26, 0x4f, 0x78],
        ansi: [[0x00, 0x00, 0x00], [0xff, 0x61, 0x5a], [0xb1, 0xe9, 0x69], [0xeb, 0xd9, 0x9c], [0x5d, 0xa9, 0xf6], [0xe8, 0x6a, 0xff], [0x82, 0xff, 0xf7], [0xde, 0xda, 0xcf], [0x31, 0x31, 0x31], [0xf5, 0x8c, 0x80], [0xdd, 0xf8, 0x8f], [0xee, 0xe5, 0xb2], [0xa5, 0xc7, 0xff], [0xdd, 0xaa, 0xff], [0xb7, 0xff, 0xf9], [0xff, 0xff, 0xff]],
    },
    TerminalTheme {
        name: "Wryan",
        background: [0x10, 0x10, 0x10],
        foreground: [0x99, 0x99, 0x93],
        cursor: [0x9e, 0x9e, 0xcb],
        selection: [0x26, 0x4f, 0x78],
        ansi: [[0x33, 0x33, 0x33], [0x8c, 0x46, 0x65], [0x28, 0x73, 0x73], [0x7c, 0x7c, 0x99], [0x39, 0x55, 0x73], [0x5e, 0x46, 0x8c], [0x31, 0x65, 0x8c], [0x89, 0x9c, 0xa1], [0x3d, 0x3d, 0x3d], [0xbf, 0x4d, 0x80], [0x53, 0xa6, 0xa6], [0x9e, 0x9e, 0xcb], [0x47, 0x7a, 0xb3], [0x7e, 0x62, 0xb3], [0x60, 0x96, 0xbf], [0xc0, 0xc0, 0xc0]],
    },
    TerminalTheme {
        name: "Zenburn",
        background: [0x3f, 0x3f, 0x3f],
        foreground: [0xdc, 0xdc, 0xcc],
        cursor: [0x73, 0x63, 0x5a],
        selection: [0x26, 0x4f, 0x78],
        ansi: [[0x4d, 0x4d, 0x4d], [0x70, 0x50, 0x50], [0x60, 0xb4, 0x8a], [0xf0, 0xdf, 0xaf], [0x50, 0x60, 0x70], [0xdc, 0x8c, 0xc3], [0x8c, 0xd0, 0xd3], [0xdc, 0xdc, 0xcc], [0x70, 0x90, 0x80], [0xdc, 0xa3, 0xa3], [0xc3, 0xbf, 0x9f], [0xe0, 0xcf, 0x9f], [0x94, 0xbf, 0xf3], [0xec, 0x93, 0xd3], [0x93, 0xe0, 0xe3], [0xff, 0xff, 0xff]],
    },
    TerminalTheme {
        name: "ayu",
        background: [0x0f, 0x14, 0x19],
        foreground: [0xe6, 0xe1, 0xcf],
        cursor: [0xf2, 0x97, 0x18],
        selection: [0x26, 0x4f, 0x78],
        ansi: [[0x00, 0x00, 0x00], [0xff, 0x33, 0x33], [0xb8, 0xcc, 0x52], [0xe7, 0xc5, 0x47], [0x36, 0xa3, 0xd9], [0xf0, 0x71, 0x78], [0x95, 0xe6, 0xcb], [0xff, 0xff, 0xff], [0x32, 0x32, 0x32], [0xff, 0x65, 0x65], [0xea, 0xfe, 0x84], [0xff, 0xf7, 0x79], [0x68, 0xd5, 0xff], [0xff, 0xa3, 0xaa], [0xc7, 0xff, 0xfd], [0xff, 0xff, 0xff]],
    },
    TerminalTheme {
        name: "ayu_light",
        background: [0xfa, 0xfa, 0xfa],
        foreground: [0x5c, 0x67, 0x73],
        cursor: [0xff, 0x6a, 0x00],
        selection: [0x26, 0x4f, 0x78],
        ansi: [[0x00, 0x00, 0x00], [0xff, 0x33, 0x33], [0x86, 0xb3, 0x00], [0xf2, 0x97, 0x18], [0x41, 0xa6, 0xd9], [0xf0, 0x71, 0x78], [0x4d, 0xbf, 0x99], [0xff, 0xff, 0xff], [0x32, 0x32, 0x32], [0xff, 0x65, 0x65], [0xb8, 0xe5, 0x32], [0xff, 0xc9, 0x4a], [0x73, 0xd8, 0xff], [0xff, 0xa3, 0xaa], [0x7f, 0xf1, 0xcb], [0xff, 0xff, 0xff]],
    },
    TerminalTheme {
        name: "base2tone-cave-dark",
        background: [0x22, 0x20, 0x21],
        foreground: [0x9f, 0x99, 0x9b],
        cursor: [0x99, 0x6e, 0x00],
        selection: [0x26, 0x4f, 0x78],
        ansi: [[0x22, 0x20, 0x21], [0x93, 0x6c, 0x7a], [0xcc, 0xa1, 0x33], [0xff, 0xcc, 0x4d], [0x9c, 0x81, 0x8b], [0xcc, 0xa1, 0x33], [0xd2, 0x79, 0x98], [0x9f, 0x99, 0x9b], [0x63, 0x5f, 0x60], [0xdd, 0xaf, 0x3c], [0x2f, 0x2d, 0x2e], [0x56, 0x52, 0x54], [0x70, 0x6b, 0x6d], [0xf0, 0xa8, 0xc1], [0xc3, 0x96, 0x22], [0xff, 0xeb, 0xf2]],
    },
    TerminalTheme {
        name: "base2tone-desert-dark",
        background: [0x29, 0x27, 0x24],
        foreground: [0xad, 0xa5, 0x94],
        cursor: [0xbc, 0x67, 0x2f],
        selection: [0x26, 0x4f, 0x78],
        ansi: [[0x29, 0x27, 0x24], [0x81, 0x6f, 0x4b], [0xec, 0x92, 0x55], [0xff, 0xb3, 0x80], [0x95, 0x7e, 0x50], [0xec, 0x92, 0x55], [0xac, 0x8e, 0x53], [0xad, 0xa5, 0x94], [0x7e, 0x77, 0x67], [0xf2, 0x9d, 0x63], [0x3d, 0x3a, 0x34], [0x61, 0x5c, 0x51], [0x90, 0x87, 0x74], [0xdd, 0xcb, 0xa6], [0xe5, 0x87, 0x48], [0xf2, 0xea, 0xd9]],
    },
    TerminalTheme {
        name: "base2tone-drawbridge-dark",
        background: [0x1b, 0x1f, 0x32],
        foreground: [0x90, 0x94, 0xa7],
        cursor: [0x28, 0x9d, 0xbd],
        selection: [0x26, 0x4f, 0x78],
        ansi: [[0x1b, 0x1f, 0x32], [0x62, 0x7a, 0xf4], [0x67, 0xc9, 0xe4], [0x99, 0xe9, 0xff], [0x72, 0x89, 0xfd], [0x67, 0xc9, 0xe4], [0x8b, 0x9e, 0xfd], [0x90, 0x94, 0xa7], [0x51, 0x58, 0x7b], [0x75, 0xd5, 0xf0], [0x25, 0x2a, 0x41], [0x44, 0x4b, 0x6f], [0x5e, 0x65, 0x87], [0xc3, 0xcd, 0xfe], [0x5c, 0xbc, 0xd6], [0xe1, 0xe6, 0xff]],
    },
    TerminalTheme {
        name: "base2tone-evening-dark",
        background: [0x2a, 0x27, 0x34],
        foreground: [0xa4, 0xa1, 0xb5],
        cursor: [0xb3, 0x75, 0x37],
        selection: [0x26, 0x4f, 0x78],
        ansi: [[0x2a, 0x27, 0x34], [0x8a, 0x75, 0xf5], [0xff, 0xad, 0x5c], [0xff, 0xcc, 0x99], [0x9a, 0x86, 0xfd], [0xff, 0xad, 0x5c], [0xaf, 0xa0, 0xfe], [0xa4, 0xa1, 0xb5], [0x6c, 0x67, 0x83], [0xff, 0xb8, 0x70], [0x36, 0x33, 0x42], [0x54, 0x51, 0x67], [0x78, 0x73, 0x91], [0xd9, 0xd2, 0xfe], [0xff, 0xa1, 0x42], [0xee, 0xeb, 0xff]],
    },
    TerminalTheme {
        name: "base2tone-forest-dark",
        background: [0x2a, 0x2d, 0x2a],
        foreground: [0xa1, 0xb5, 0xa1],
        cursor: [0x65, 0x6b, 0x47],
        selection: [0x26, 0x4f, 0x78],
        ansi: [[0x2a, 0x2d, 0x2a], [0x5c, 0x70, 0x5c], [0xbf, 0xd4, 0x54], [0xe5, 0xfb, 0x79], [0x68, 0x7d, 0x68], [0xbf, 0xd4, 0x54], [0x8f, 0xae, 0x8f], [0xa1, 0xb5, 0xa1], [0x53, 0x5f, 0x53], [0xcb, 0xe2, 0x5a], [0x35, 0x3b, 0x35], [0x48, 0x51, 0x48], [0x5e, 0x6e, 0x5e], [0xc8, 0xe4, 0xc8], [0xb1, 0xc4, 0x4f], [0xf0, 0xff, 0xf0]],
    },
    TerminalTheme {
        name: "base2tone-heath-dark",
        background: [0x22, 0x20, 0x22],
        foreground: [0x9e, 0x99, 0x9f],
        cursor: [0x99, 0x59, 0x00],
        selection: [0x26, 0x4f, 0x78],
        ansi: [[0x22, 0x20, 0x22], [0x8f, 0x6c, 0x93], [0xcc, 0x8c, 0x33], [0xff, 0xd5, 0x99], [0x9a, 0x81, 0x9c], [0xcc, 0x8c, 0x33], [0xcb, 0x79, 0xd2], [0x9e, 0x99, 0x9f], [0x63, 0x5f, 0x63], [0xd9, 0xb9, 0x8c], [0x2f, 0x2d, 0x2f], [0x57, 0x51, 0x58], [0x6f, 0x6b, 0x70], [0xea, 0xa8, 0xf0], [0xc3, 0x80, 0x22], [0xfd, 0xeb, 0xff]],
    },
    TerminalTheme {
        name: "base2tone-heath-light",
        background: [0xfb, 0xfa, 0xf9],
        foreground: [0x57, 0x51, 0x58],
        cursor: [0xea, 0xa8, 0xf0],
        selection: [0x26, 0x4f, 0x78],
        ansi: [[0x22, 0x20, 0x22], [0x8f, 0x6c, 0x93], [0xcc, 0x8c, 0x33], [0xff, 0xd5, 0x99], [0x9a, 0x81, 0x9c], [0xb8, 0x74, 0x14], [0xcb, 0x79, 0xd2], [0x9e, 0x99, 0x9f], [0x63, 0x5f, 0x63], [0xd9, 0xb9, 0x8c], [0x2f, 0x2d, 0x2f], [0x57, 0x51, 0x58], [0x6f, 0x6b, 0x70], [0xea, 0xa8, 0xf0], [0xc3, 0x80, 0x22], [0xfb, 0xfa, 0xf9]],
    },
    TerminalTheme {
        name: "base2tone-lake-dark",
        background: [0x19, 0x2d, 0x34],
        foreground: [0x7b, 0xa8, 0xb7],
        cursor: [0x84, 0x74, 0x0b],
        selection: [0x26, 0x4f, 0x78],
        ansi: [[0x19, 0x2d, 0x34], [0x3e, 0x91, 0xac], [0xcb, 0xbb, 0x4d], [0xff, 0xeb, 0x66], [0x49, 0x9f, 0xbc], [0xcb, 0xbb, 0x4d], [0x62, 0xb1, 0xcb], [0x7b, 0xa8, 0xb7], [0x3d, 0x68, 0x76], [0xd6, 0xc6, 0x5c], [0x22, 0x3c, 0x44], [0x33, 0x59, 0x66], [0x46, 0x76, 0x86], [0xa5, 0xd8, 0xe9], [0xc4, 0xb0, 0x31], [0xe1, 0xf7, 0xff]],
    },
    TerminalTheme {
        name: "base2tone-meadow-dark",
        background: [0x19, 0x28, 0x34],
        foreground: [0x7b, 0x9e, 0xb7],
        cursor: [0x4d, 0x82, 0x17],
        selection: [0x26, 0x4f, 0x78],
        ansi: [[0x19, 0x28, 0x34], [0x27, 0x7f, 0xbe], [0x80, 0xbf, 0x40], [0xa6, 0xf6, 0x55], [0x42, 0x99, 0xd7], [0x80, 0xbf, 0x40], [0x47, 0xad, 0xf5], [0x7b, 0x9e, 0xb7], [0x3d, 0x5e, 0x76], [0x8c, 0xdd, 0x3c], [0x22, 0x36, 0x44], [0x33, 0x51, 0x66], [0x46, 0x6b, 0x86], [0xaf, 0xdd, 0xfe], [0x73, 0xb2, 0x34], [0xd1, 0xec, 0xff]],
    },
    TerminalTheme {
        name: "base2tone-morning-light",
        background: [0xfa, 0xf8, 0xf5],
        foreground: [0x4f, 0x56, 0x64],
        cursor: [0xb7, 0xc9, 0xeb],
        selection: [0x26, 0x4f, 0x78],
        ansi: [[0x23, 0x28, 0x34], [0x16, 0x59, 0xdf], [0xb2, 0x97, 0x62], [0xe5, 0xdd, 0xcd], [0x3d, 0x75, 0xe6], [0x89, 0x67, 0x24], [0x72, 0x8f, 0xcb], [0x8d, 0x95, 0xa5], [0x65, 0x6e, 0x81], [0xc6, 0xb2, 0x8b], [0x31, 0x36, 0x3f], [0x4f, 0x56, 0x64], [0x70, 0x7a, 0x8f], [0xb7, 0xc9, 0xeb], [0x9a, 0x7c, 0x42], [0xfa, 0xf8, 0xf5]],
    },
    TerminalTheme {
        name: "base2tone-pool-dark",
        background: [0x2a, 0x24, 0x33],
        foreground: [0x9a, 0x90, 0xa7],
        cursor: [0xcf, 0x50, 0x4a],
        selection: [0x26, 0x4f, 0x78],
        ansi: [[0x2a, 0x24, 0x33], [0xaa, 0x75, 0xf5], [0xf8, 0x79, 0x72], [0xff, 0xb6, 0xb3], [0xb8, 0x86, 0xfd], [0xf8, 0x79, 0x72], [0xc7, 0xa0, 0xfe], [0x9a, 0x90, 0xa7], [0x63, 0x57, 0x75], [0xfc, 0x89, 0x83], [0x37, 0x2f, 0x42], [0x57, 0x4b, 0x68], [0x70, 0x63, 0x83], [0xe4, 0xd2, 0xfe], [0xf3, 0x6f, 0x68], [0xf3, 0xeb, 0xff]],
    },
    TerminalTheme {
        name: "base2tone-sea-dark",
        background: [0x1d, 0x26, 0x2f],
        foreground: [0xa1, 0xaa, 0xb5],
        cursor: [0x06, 0x79, 0x53],
        selection: [0x26, 0x4f, 0x78],
        ansi: [[0x1d, 0x26, 0x2f], [0x34, 0x65, 0x9d], [0x0f, 0xc7, 0x8a], [0x47, 0xeb, 0xb4], [0x57, 0x71, 0x8e], [0x0f, 0xc7, 0x8a], [0x6e, 0x9b, 0xcf], [0xa1, 0xaa, 0xb5], [0x4a, 0x5f, 0x78], [0x14, 0xe1, 0x9d], [0x27, 0x32, 0x3f], [0x40, 0x53, 0x68], [0x73, 0x81, 0x91], [0xaf, 0xd4, 0xfe], [0x0d, 0xb5, 0x7d], [0xeb, 0xf4, 0xff]],
    },
    TerminalTheme {
        name: "base2tone-space-dark",
        background: [0x24, 0x24, 0x2e],
        foreground: [0xa1, 0xa1, 0xb5],
        cursor: [0xb2, 0x54, 0x24],
        selection: [0x26, 0x4f, 0x78],
        ansi: [[0x24, 0x24, 0x2e], [0x76, 0x76, 0xf4], [0xec, 0x73, 0x36], [0xfe, 0x8c, 0x52], [0x76, 0x76, 0x93], [0xec, 0x73, 0x36], [0x8a, 0x8a, 0xad], [0xa1, 0xa1, 0xb5], [0x5b, 0x5b, 0x76], [0xf3, 0x7b, 0x3f], [0x33, 0x33, 0x42], [0x51, 0x51, 0x67], [0x73, 0x73, 0x91], [0xce, 0xce, 0xe3], [0xe6, 0x6e, 0x33], [0xeb, 0xeb, 0xff]],
    },
    TerminalTheme {
        name: "deep",
        background: [0x00, 0x00, 0x00],
        foreground: [0xcd, 0xcd, 0xcd],
        cursor: [0xd0, 0xd0, 0xd0],
        selection: [0x26, 0x4f, 0x78],
        ansi: [[0x00, 0x00, 0x00], [0xd1, 0x16, 0x00], [0x37, 0xc3, 0x2c], [0xe3, 0xc4, 0x21], [0x5c, 0x6b, 0xfd], [0xdd, 0x5b, 0xe5], [0x6e, 0xb4, 0xf2], [0xe0, 0xe0, 0xe0], [0x53, 0x53, 0x53], [0xf4, 0x15, 0x2c], [0x01, 0xea, 0x10], [0xff, 0xee, 0x1d], [0x8c, 0xb0, 0xf8], [0xe0, 0x56, 0xf5], [0x67, 0xec, 0xff], [0xf4, 0xf4, 0xf4]],
    },
    TerminalTheme {
        name: "idleToes",
        background: [0x32, 0x32, 0x32],
        foreground: [0xff, 0xff, 0xff],
        cursor: [0xd6, 0xd6, 0xd6],
        selection: [0x26, 0x4f, 0x78],
        ansi: [[0x32, 0x32, 0x32], [0xd2, 0x52, 0x52], [0x7f, 0xe1, 0x73], [0xff, 0xc6, 0x6d], [0x40, 0x99, 0xff], [0xf6, 0x80, 0xff], [0xbe, 0xd6, 0xff], [0xee, 0xee, 0xec], [0x53, 0x53, 0x53], [0xf0, 0x70, 0x70], [0x9d, 0xff, 0x91], [0xff, 0xe4, 0x8b], [0x5e, 0xb7, 0xf7], [0xff, 0x9d, 0xff], [0xdc, 0xf4, 0xff], [0xff, 0xff, 0xff]],
    },
];
